AMR,Opened,Closed,Timestamp,Time
38302,0,1,22-05-2018 00:00,00:00:06
38302,0,1,22-05-2018 00:01,00:01:03
38302,0,1,22-05-2018 00:02,00:02:08
38302,0,1,22-05-2018 00:03,00:03:09
38302,0,1,22-05-2018 00:04,00:04:10
38302,0,1,22-05-2018 00:05,00:05:11
38302,0,1,22-05-2018 00:06,00:06:12
38302,0,1,22-05-2018 00:07,00:07:13
38302,0,1,22-05-2018 00:08,00:08:14
38302,0,1,22-05-2018 00:09,00:09:15
38302,0,1,22-05-2018 00:10,00:10:09
38302,0,1,22-05-2018 00:11,00:11:17
38302,0,1,22-05-2018 00:12,00:12:02
38302,0,1,22-05-2018 00:13,00:13:06
38302,0,1,22-05-2018 00:14,00:14:20
38302,0,1,22-05-2018 00:15,00:15:21
38302,0,1,22-05-2018 00:16,00:16:22
38302,0,1,22-05-2018 00:17,00:17:23
38302,0,1,22-05-2018 00:18,00:18:24
38302,0,1,22-05-2018 00:19,00:19:25
38302,0,1,22-05-2018 00:20,00:20:26
38302,0,1,22-05-2018 00:21,00:21:27
38302,0,1,22-05-2018 00:22,00:22:28
38302,0,1,22-05-2018 00:23,00:23:29
38302,0,1,22-05-2018 00:24,00:24:01
38302,0,1,22-05-2018 00:25,00:25:31
38302,0,1,22-05-2018 00:26,00:26:12
38302,0,1,22-05-2018 00:27,00:27:33
38302,0,1,22-05-2018 00:28,00:28:33
38302,0,1,22-05-2018 00:29,00:29:35
38302,0,1,22-05-2018 00:30,00:30:01
38302,0,1,22-05-2018 00:31,00:31:37
38302,0,1,22-05-2018 00:32,00:32:38
38302,0,1,22-05-2018 00:33,00:33:39
38302,0,1,22-05-2018 00:34,00:34:40
38302,0,1,22-05-2018 00:35,00:35:01
38302,0,1,22-05-2018 00:36,00:36:05
38302,0,1,22-05-2018 00:37,00:37:12
38302,0,1,22-05-2018 00:38,00:38:15
38302,0,1,22-05-2018 00:39,00:39:45
38302,0,1,22-05-2018 00:40,00:40:35
38302,0,1,22-05-2018 00:41,00:41:39
38302,0,1,22-05-2018 00:42,00:42:03
38302,0,1,22-05-2018 00:43,00:43:49
38302,0,1,22-05-2018 00:44,00:44:50
38302,0,1,22-05-2018 00:45,00:45:19
38302,0,1,22-05-2018 00:46,00:46:52
38302,0,1,22-05-2018 00:47,00:47:03
38302,0,1,22-05-2018 00:48,00:48:08
38302,0,1,22-05-2018 00:49,00:49:55
38302,0,1,22-05-2018 00:50,00:50:19
38302,0,1,22-05-2018 00:51,00:51:24
38302,0,1,22-05-2018 00:52,00:52:30
38302,0,1,22-05-2018 00:53,00:53:59
38302,0,1,22-05-2018 00:54,00:54:49
38302,0,1,22-05-2018 00:55,00:55:00
38302,0,1,22-05-2018 00:56,00:56:01
38302,0,1,22-05-2018 00:57,00:57:02
38302,0,1,22-05-2018 00:58,00:58:03
38302,0,1,22-05-2018 00:59,00:59:04
38302,0,1,22-05-2018 01:00,01:00:05
38302,0,1,22-05-2018 01:01,01:01:06
38302,0,1,22-05-2018 01:02,01:02:07
38302,0,1,22-05-2018 01:03,01:03:08
38302,0,1,22-05-2018 01:04,01:04:09
38302,0,1,22-05-2018 01:05,01:05:10
38302,0,1,22-05-2018 01:06,01:06:11
38302,0,1,22-05-2018 01:07,01:07:12
38302,0,1,22-05-2018 01:08,01:08:02
38302,0,1,22-05-2018 01:09,01:09:06
38302,0,1,22-05-2018 01:10,01:10:10
38302,0,1,22-05-2018 01:11,01:11:14
38302,0,1,22-05-2018 01:12,01:12:17
38302,0,1,22-05-2018 01:13,01:13:18
38302,0,1,22-05-2018 01:14,01:14:19
38302,0,1,22-05-2018 01:15,01:15:20
38302,0,1,22-05-2018 01:16,01:16:21
38302,0,1,22-05-2018 01:17,01:17:22
38302,0,1,22-05-2018 01:18,01:18:23
38302,0,1,22-05-2018 01:19,01:19:24
38302,0,1,22-05-2018 01:20,01:20:07
38302,0,1,22-05-2018 01:21,01:21:12
38302,0,1,22-05-2018 01:22,01:22:15
38302,0,1,22-05-2018 01:23,01:23:20
38302,0,1,22-05-2018 01:24,01:24:24
38302,0,1,22-05-2018 01:25,01:25:30
38302,0,1,22-05-2018 01:26,01:26:31
38302,0,1,22-05-2018 01:27,01:27:32
38302,0,1,22-05-2018 01:28,01:28:33
38302,0,1,22-05-2018 01:29,01:29:34
38302,0,1,22-05-2018 01:30,01:30:35
38302,0,1,22-05-2018 01:31,01:31:36
38302,0,1,22-05-2018 01:32,01:32:05
38302,0,1,22-05-2018 01:33,01:33:08
38302,0,1,22-05-2018 01:34,01:34:13
38302,0,1,22-05-2018 01:35,01:35:17
38302,0,1,22-05-2018 01:36,01:36:21
38302,0,1,22-05-2018 01:37,01:37:25
38302,0,1,22-05-2018 01:38,01:38:31
38302,0,1,22-05-2018 01:39,01:39:35
38302,0,1,22-05-2018 01:40,01:40:38
38302,0,1,22-05-2018 01:41,01:41:42
38302,0,1,22-05-2018 01:42,01:42:47
38302,0,1,22-05-2018 01:43,01:43:48
38302,0,1,22-05-2018 01:44,01:44:04
38302,0,1,22-05-2018 01:45,01:45:08
38302,0,1,22-05-2018 01:46,01:46:11
38302,0,1,22-05-2018 01:47,01:47:16
38302,0,1,22-05-2018 01:48,01:48:20
38302,0,1,22-05-2018 01:49,01:49:24
38302,0,1,22-05-2018 01:50,01:50:27
38302,0,1,22-05-2018 01:51,01:51:32
38302,0,1,22-05-2018 01:52,01:52:37
38302,0,1,22-05-2018 01:53,01:53:41
38302,0,1,22-05-2018 01:54,01:54:59
38302,0,1,22-05-2018 01:56,01:56:00
38302,0,1,22-05-2018 01:57,01:57:01
38302,0,1,22-05-2018 01:58,01:58:02
38302,0,1,22-05-2018 01:59,01:59:03
38302,0,1,22-05-2018 02:00,02:00:04
38302,0,1,22-05-2018 02:01,02:01:05
38302,0,1,22-05-2018 02:02,02:02:06
38302,0,1,22-05-2018 02:03,02:03:07
38302,0,1,22-05-2018 02:04,02:04:08
38302,0,1,22-05-2018 02:05,02:05:09
38302,0,1,22-05-2018 02:06,02:06:10
38302,0,1,22-05-2018 02:07,02:07:11
38302,0,1,22-05-2018 02:08,02:08:01
38302,0,1,22-05-2018 02:09,02:09:05
38302,0,1,22-05-2018 02:10,02:10:09
38302,0,1,22-05-2018 02:11,02:11:14
38302,0,1,22-05-2018 02:12,02:12:16
38302,0,1,22-05-2018 02:13,02:13:17
38302,0,1,22-05-2018 02:14,02:14:18
38302,0,1,22-05-2018 02:15,02:15:19
38302,0,1,22-05-2018 02:16,02:16:20
38302,0,1,22-05-2018 02:17,02:17:21
38302,0,1,22-05-2018 02:18,02:18:22
38302,0,1,22-05-2018 02:19,02:19:23
38302,0,1,22-05-2018 02:20,02:20:03
38302,0,1,22-05-2018 02:21,02:21:09
38302,0,1,22-05-2018 02:22,02:22:13
38302,0,1,22-05-2018 02:23,02:23:18
38302,0,1,22-05-2018 02:24,02:24:24
38302,0,1,22-05-2018 02:25,02:25:28
38302,0,1,22-05-2018 02:26,02:26:30
38302,0,1,22-05-2018 02:27,02:27:31
38302,0,1,22-05-2018 02:28,02:28:32
38302,0,1,22-05-2018 02:29,02:29:07
38302,0,1,22-05-2018 02:30,02:30:34
38302,0,1,22-05-2018 02:31,02:31:35
38302,0,1,22-05-2018 02:32,02:32:22
38302,0,1,22-05-2018 02:33,02:33:37
38302,0,1,22-05-2018 02:34,02:34:16
38302,0,1,22-05-2018 02:35,02:35:21
38302,0,1,22-05-2018 02:36,02:36:26
38302,0,1,22-05-2018 02:37,02:37:30
38302,0,1,22-05-2018 02:38,02:38:34
38302,0,1,22-05-2018 02:39,02:39:40
38302,0,1,22-05-2018 02:40,02:40:44
38302,0,1,22-05-2018 02:41,02:41:45
38302,0,1,22-05-2018 02:42,02:42:46
38302,0,1,22-05-2018 02:43,02:43:47
38302,0,1,22-05-2018 02:44,02:44:48
38302,0,1,22-05-2018 02:45,02:45:49
38302,0,1,22-05-2018 02:46,02:46:16
38302,0,1,22-05-2018 02:47,02:47:19
38302,0,1,22-05-2018 02:48,02:48:24
38302,0,1,22-05-2018 02:49,02:49:29
38302,0,1,22-05-2018 02:50,02:50:33
38302,0,1,22-05-2018 02:51,02:51:37
38302,0,1,22-05-2018 02:52,02:52:41
38302,0,1,22-05-2018 02:53,02:53:46
38302,0,1,22-05-2018 02:54,02:54:50
38302,0,1,22-05-2018 02:55,02:55:54
38302,0,1,22-05-2018 02:57,02:57:00
38302,0,1,22-05-2018 02:58,02:58:01
38302,0,1,22-05-2018 02:59,02:59:02
38302,0,1,22-05-2018 03:00,03:00:03
38302,0,1,22-05-2018 03:01,03:01:04
38302,0,1,22-05-2018 03:02,03:02:05
38302,0,1,22-05-2018 03:03,03:03:06
38302,0,1,22-05-2018 03:04,03:04:07
38302,0,1,22-05-2018 03:05,03:05:08
38302,0,1,22-05-2018 03:06,03:06:09
38302,0,1,22-05-2018 03:07,03:07:10
38302,0,1,22-05-2018 03:08,03:08:11
38302,0,1,22-05-2018 03:09,03:09:03
38302,0,1,22-05-2018 03:10,03:10:13
38302,0,1,22-05-2018 03:11,03:11:14
38302,0,1,22-05-2018 03:12,03:12:15
38302,0,1,22-05-2018 03:13,03:13:16
38302,0,1,22-05-2018 03:14,03:14:17
38302,0,1,22-05-2018 03:15,03:15:18
38302,0,1,22-05-2018 03:16,03:16:19
38302,0,1,22-05-2018 03:17,03:17:20
38302,0,1,22-05-2018 03:18,03:18:21
38302,0,1,22-05-2018 03:19,03:19:02
38302,0,1,22-05-2018 03:20,03:20:07
38302,0,1,22-05-2018 03:21,03:21:11
38302,0,1,22-05-2018 03:22,03:22:25
38302,0,1,22-05-2018 03:23,03:23:26
38302,0,1,22-05-2018 03:24,03:24:47
38302,0,1,22-05-2018 03:25,03:25:55
38302,0,1,22-05-2018 03:26,03:26:02
38302,0,1,22-05-2018 03:27,03:27:00
38302,0,1,22-05-2018 03:28,03:28:06
38302,0,1,22-05-2018 03:29,03:29:10
38302,0,1,22-05-2018 03:30,03:30:15
38302,0,1,22-05-2018 03:31,03:31:21
38302,0,1,22-05-2018 03:32,03:32:26
38302,0,1,22-05-2018 03:33,03:33:31
38302,0,1,22-05-2018 03:34,03:34:35
38302,0,1,22-05-2018 03:35,03:35:38
38302,0,1,22-05-2018 03:36,03:36:39
38302,0,1,22-05-2018 03:37,03:37:39
38302,0,1,22-05-2018 03:38,03:38:00
38302,0,1,22-05-2018 03:39,03:39:05
38302,0,1,22-05-2018 03:40,03:40:09
38302,0,1,22-05-2018 03:41,03:41:13
38302,0,1,22-05-2018 03:42,03:42:17
38302,0,1,22-05-2018 03:43,03:43:21
38302,0,1,22-05-2018 03:44,03:44:26
38302,0,1,22-05-2018 03:45,03:45:30
38302,0,1,22-05-2018 03:46,03:46:35
38302,0,1,22-05-2018 03:47,03:47:49
38302,0,1,22-05-2018 03:48,03:48:50
38302,0,1,22-05-2018 03:49,03:49:51
38302,0,1,22-05-2018 03:50,03:50:00
38302,0,1,22-05-2018 03:51,03:51:04
38302,0,1,22-05-2018 03:52,03:52:08
38302,0,1,22-05-2018 03:53,03:53:13
38302,0,1,22-05-2018 03:54,03:54:16
38302,0,1,22-05-2018 03:55,03:55:20
38302,0,1,22-05-2018 03:56,03:56:24
38302,0,1,22-05-2018 03:57,03:57:28
38302,0,1,22-05-2018 03:58,03:58:31
38302,0,1,22-05-2018 03:59,03:59:00
38302,0,1,22-05-2018 04:00,04:00:01
38302,0,1,22-05-2018 04:01,04:01:02
38302,0,1,22-05-2018 04:02,04:02:01
38302,0,1,22-05-2018 04:03,04:03:04
38302,0,1,22-05-2018 04:04,04:04:05
38302,0,1,22-05-2018 04:05,04:05:06
38302,0,1,22-05-2018 04:06,04:06:07
38302,0,1,22-05-2018 04:07,04:07:08
38302,0,1,22-05-2018 04:08,04:08:09
38302,0,1,22-05-2018 04:09,04:09:10
38302,0,1,22-05-2018 04:10,04:10:11
38302,0,1,22-05-2018 04:11,04:11:12
38302,0,1,22-05-2018 04:12,04:12:13
38302,0,1,22-05-2018 04:13,04:13:14
38302,0,1,22-05-2018 04:14,04:14:07
38302,0,1,22-05-2018 04:15,04:15:11
38302,0,1,22-05-2018 04:16,04:16:15
38302,0,1,22-05-2018 04:17,04:17:18
38302,0,1,22-05-2018 04:18,04:18:19
38302,0,1,22-05-2018 04:19,04:19:20
38302,0,1,22-05-2018 04:20,04:20:21
38302,0,1,22-05-2018 04:21,04:21:22
38302,0,1,22-05-2018 04:22,04:22:23
38302,0,1,22-05-2018 04:23,04:23:24
38302,0,1,22-05-2018 04:24,04:24:25
38302,0,1,22-05-2018 04:25,04:25:26
38302,0,1,22-05-2018 04:26,04:26:23
38302,0,1,22-05-2018 04:27,04:27:18
38302,0,1,22-05-2018 04:28,04:28:22
38302,0,1,22-05-2018 04:29,04:29:26
38302,0,1,22-05-2018 04:30,04:30:30
38302,0,1,22-05-2018 04:31,04:31:32
38302,0,1,22-05-2018 04:32,04:32:33
38302,0,1,22-05-2018 04:33,04:33:34
38302,0,1,22-05-2018 04:34,04:34:35
38302,0,1,22-05-2018 04:35,04:35:36
38302,0,1,22-05-2018 04:36,04:36:37
38302,0,1,22-05-2018 04:37,04:37:38
38302,0,1,22-05-2018 04:38,04:38:01
38302,0,1,22-05-2018 04:39,04:39:30
38302,0,1,22-05-2018 04:40,04:40:27
38302,0,1,22-05-2018 04:41,04:41:30
38302,0,1,22-05-2018 04:42,04:42:34
38302,0,1,22-05-2018 04:43,04:43:38
38302,0,1,22-05-2018 04:44,04:44:43
38302,0,1,22-05-2018 04:45,04:45:46
38302,0,1,22-05-2018 04:46,04:46:47
38302,0,1,22-05-2018 04:47,04:47:48
38302,0,1,22-05-2018 04:48,04:48:49
38302,0,1,22-05-2018 04:49,04:49:01
38302,0,1,22-05-2018 04:50,04:50:05
38302,0,1,22-05-2018 04:51,04:51:52
38302,0,1,22-05-2018 04:52,04:52:25
38302,0,1,22-05-2018 04:53,04:53:28
38302,0,1,22-05-2018 04:54,04:54:33
38302,0,1,22-05-2018 04:55,04:55:37
38302,0,1,22-05-2018 04:56,04:56:41
38302,0,1,22-05-2018 04:57,04:57:45
38302,0,1,22-05-2018 04:58,04:58:49
38302,0,1,22-05-2018 04:59,04:59:53
38302,0,1,22-05-2018 05:00,05:00:00
38302,0,1,22-05-2018 05:01,05:01:01
38302,0,1,22-05-2018 05:02,05:02:01
38302,0,1,22-05-2018 05:03,05:03:03
38302,0,1,22-05-2018 05:04,05:04:04
38302,0,1,22-05-2018 05:05,05:05:05
38302,0,1,22-05-2018 05:06,05:06:06
38302,0,1,22-05-2018 05:07,05:07:07
38302,0,1,22-05-2018 05:08,05:08:08
38302,0,1,22-05-2018 05:09,05:09:09
38302,0,1,22-05-2018 05:10,05:10:10
38302,0,1,22-05-2018 05:11,05:11:11
38302,0,1,22-05-2018 05:12,05:12:12
38302,0,1,22-05-2018 05:13,05:13:13
38302,0,1,22-05-2018 05:14,05:14:01
38302,0,1,22-05-2018 05:15,05:15:15
38302,0,1,22-05-2018 05:16,05:16:16
38302,0,1,22-05-2018 05:17,05:17:17
38302,0,1,22-05-2018 05:18,05:18:18
38302,0,1,22-05-2018 05:19,05:19:19
38302,0,1,22-05-2018 05:20,05:20:20
38302,0,1,22-05-2018 05:21,05:21:21
38302,0,1,22-05-2018 05:22,05:22:22
38302,0,1,22-05-2018 05:23,05:23:23
38302,0,1,22-05-2018 05:24,05:24:24
38302,0,1,22-05-2018 05:25,05:25:25
38302,0,1,22-05-2018 05:26,05:26:01
38302,0,1,22-05-2018 05:27,05:27:27
38302,0,1,22-05-2018 05:28,05:28:26
38302,0,1,22-05-2018 05:29,05:29:29
38302,0,1,22-05-2018 05:30,05:30:30
38302,0,1,22-05-2018 05:31,05:31:31
38302,0,1,22-05-2018 05:32,05:32:32
38302,0,1,22-05-2018 05:33,05:33:33
38302,0,1,22-05-2018 05:34,05:34:34
38302,0,1,22-05-2018 05:35,05:35:35
38302,0,1,22-05-2018 05:36,05:36:36
38302,0,1,22-05-2018 05:37,05:37:02
38302,0,1,22-05-2018 05:38,05:38:05
38302,0,1,22-05-2018 05:39,05:39:39
38302,0,1,22-05-2018 05:40,05:40:31
38302,0,1,22-05-2018 05:41,05:41:35
38302,0,1,22-05-2018 05:42,05:42:39
38302,0,1,22-05-2018 05:43,05:43:43
38302,0,1,22-05-2018 05:44,05:44:44
38302,0,1,22-05-2018 05:45,05:45:45
38302,0,1,22-05-2018 05:46,05:46:46
38302,0,1,22-05-2018 05:47,05:47:47
38302,0,1,22-05-2018 05:48,05:48:00
38302,0,1,22-05-2018 05:49,05:49:04
38302,0,1,22-05-2018 05:50,05:50:08
38302,0,1,22-05-2018 05:51,05:51:51
38302,0,1,22-05-2018 05:52,05:52:35
38302,0,1,22-05-2018 05:53,05:53:41
38302,0,1,22-05-2018 05:54,05:54:45
38302,0,1,22-05-2018 05:55,05:55:55
38302,0,1,22-05-2018 05:56,05:56:56
38302,0,1,22-05-2018 05:57,05:57:57
38302,0,1,22-05-2018 05:58,05:58:25
38302,0,1,22-05-2018 05:59,05:59:04
38302,0,1,22-05-2018 06:00,06:00:09
38302,0,1,22-05-2018 06:01,06:01:00
38302,0,1,22-05-2018 06:02,06:02:01
38302,0,1,22-05-2018 06:03,06:03:02
38302,0,1,22-05-2018 06:04,06:04:03
38302,0,1,22-05-2018 06:05,06:05:04
38302,0,1,22-05-2018 06:06,06:06:05
38302,0,1,22-05-2018 06:07,06:07:06
38302,0,1,22-05-2018 06:08,06:08:07
38302,0,1,22-05-2018 06:09,06:09:02
38302,0,1,22-05-2018 06:10,06:10:06
38302,0,1,22-05-2018 06:11,06:11:10
38302,0,1,22-05-2018 06:12,06:12:11
38302,0,1,22-05-2018 06:13,06:13:12
38302,0,1,22-05-2018 06:14,06:14:13
38302,0,1,22-05-2018 06:15,06:15:14
38302,0,1,22-05-2018 06:16,06:16:15
38302,0,1,22-05-2018 06:17,06:17:16
38302,0,1,22-05-2018 06:18,06:18:17
38302,0,1,22-05-2018 06:19,06:19:18
38302,0,1,22-05-2018 06:20,06:20:19
38302,0,1,22-05-2018 06:21,06:21:03
38302,0,1,22-05-2018 06:22,06:22:07
38302,0,1,22-05-2018 06:23,06:23:11
38302,0,1,22-05-2018 06:24,06:24:15
38302,0,1,22-05-2018 06:25,06:25:20
38302,0,1,22-05-2018 06:26,06:26:23
38302,0,1,22-05-2018 06:27,06:27:26
38302,0,1,22-05-2018 06:28,06:28:27
38302,0,1,22-05-2018 06:29,06:29:28
38302,0,1,22-05-2018 06:30,06:30:29
38302,0,1,22-05-2018 06:31,06:31:15
38302,0,1,22-05-2018 06:32,06:32:31
38302,0,1,22-05-2018 06:33,06:33:01
38302,0,1,22-05-2018 06:34,06:34:05
38302,0,1,22-05-2018 06:35,06:35:08
38302,0,1,22-05-2018 06:36,06:36:35
38302,0,1,22-05-2018 06:37,06:37:19
38302,0,1,22-05-2018 06:38,06:38:23
38302,0,1,22-05-2018 06:39,06:39:27
38302,0,1,22-05-2018 06:40,06:40:31
38302,0,1,22-05-2018 06:41,06:41:35
38302,0,1,22-05-2018 06:42,06:42:41
38302,0,1,22-05-2018 06:43,06:43:42
38302,0,1,22-05-2018 06:44,06:44:43
38302,0,1,22-05-2018 06:45,06:45:00
38302,0,1,22-05-2018 06:46,06:46:04
38302,0,1,22-05-2018 06:47,06:47:08
38302,0,1,22-05-2018 06:48,06:48:13
38302,0,1,22-05-2018 06:49,06:49:16
38302,0,1,22-05-2018 06:50,06:50:49
38302,0,1,22-05-2018 06:51,06:51:26
38302,0,1,22-05-2018 06:52,06:52:30
38302,0,1,22-05-2018 06:53,06:53:34
38302,0,1,22-05-2018 06:54,06:54:37
38302,0,1,22-05-2018 06:55,06:55:54
38302,0,1,22-05-2018 06:56,06:56:55
38302,0,1,22-05-2018 06:57,06:57:56
38302,0,1,22-05-2018 06:58,06:58:04
38302,0,1,22-05-2018 06:59,06:59:09
38302,0,1,22-05-2018 07:00,07:00:13
38302,0,1,22-05-2018 07:01,07:01:17
38302,0,1,22-05-2018 07:02,07:02:00
38302,0,1,22-05-2018 07:03,07:03:01
38302,0,1,22-05-2018 07:04,07:04:02
38302,0,1,22-05-2018 07:05,07:05:03
38302,0,1,22-05-2018 07:06,07:06:04
38302,0,1,22-05-2018 07:07,07:07:05
38302,0,1,22-05-2018 07:08,07:08:06
38302,0,1,22-05-2018 07:09,07:09:07
38302,0,1,22-05-2018 07:10,07:10:08
38302,0,1,22-05-2018 07:11,07:11:09
38302,0,1,22-05-2018 07:12,07:12:10
38302,0,1,22-05-2018 07:13,07:13:11
38302,0,1,22-05-2018 07:14,07:14:12
38302,0,1,22-05-2018 07:15,07:15:13
38302,0,1,22-05-2018 07:16,07:16:14
38302,0,1,22-05-2018 07:17,07:17:15
38302,0,1,22-05-2018 07:18,07:18:16
38302,0,1,22-05-2018 07:19,07:19:17
38302,0,1,22-05-2018 07:20,07:20:18
38302,0,1,22-05-2018 07:21,07:21:19
38302,0,1,22-05-2018 07:22,07:22:22
38302,0,1,22-05-2018 07:23,07:23:25
38302,0,1,22-05-2018 07:24,07:24:30
38302,0,1,22-05-2018 07:25,07:25:23
38302,0,1,22-05-2018 07:26,07:26:24
38302,0,1,22-05-2018 07:27,07:27:25
38302,0,1,22-05-2018 07:28,07:28:26
38302,0,1,22-05-2018 07:29,07:29:27
38302,0,1,22-05-2018 07:30,07:30:28
38302,0,1,22-05-2018 07:31,07:31:29
38302,0,1,22-05-2018 07:32,07:32:30
38302,0,1,22-05-2018 07:33,07:33:31
38302,0,1,22-05-2018 07:34,07:34:23
38302,0,1,22-05-2018 07:35,07:35:26
38302,0,1,22-05-2018 07:36,07:36:30
38302,0,1,22-05-2018 07:37,07:37:34
38302,0,1,22-05-2018 07:38,07:38:35
38302,0,1,22-05-2018 07:39,07:39:36
38302,0,1,22-05-2018 07:40,07:40:37
38302,0,1,22-05-2018 07:41,07:41:38
38302,0,1,22-05-2018 07:42,07:42:39
38302,0,1,22-05-2018 07:43,07:43:40
38302,0,1,22-05-2018 07:44,07:44:41
38302,0,1,22-05-2018 07:45,07:45:42
38302,0,1,22-05-2018 07:46,07:46:16
38302,0,1,22-05-2018 07:47,07:47:20
38302,0,1,22-05-2018 07:48,07:48:25
38302,0,1,22-05-2018 07:49,07:49:28
38302,0,1,22-05-2018 07:50,07:50:32
38302,0,1,22-05-2018 07:51,07:51:36
38302,0,1,22-05-2018 07:52,07:52:40
38302,0,1,22-05-2018 07:53,07:53:43
38302,0,1,22-05-2018 07:54,07:54:47
38302,0,1,22-05-2018 07:55,07:55:50
38302,0,1,22-05-2018 07:56,07:56:53
38302,0,1,22-05-2018 07:57,07:57:54
38302,0,1,22-05-2018 07:58,07:58:15
38302,0,1,22-05-2018 07:59,07:59:18
38302,0,1,22-05-2018 08:00,08:00:22
38302,0,1,22-05-2018 08:01,08:01:25
38302,0,1,22-05-2018 08:02,08:02:28
38302,0,1,22-05-2018 08:03,08:03:31
38302,0,1,22-05-2018 08:04,08:04:00
38302,0,1,22-05-2018 08:05,08:05:01
38302,0,1,22-05-2018 08:06,08:06:02
38302,0,1,22-05-2018 08:07,08:07:03
38302,0,1,22-05-2018 08:08,08:08:04
38302,0,1,22-05-2018 08:09,08:09:05
38302,0,1,22-05-2018 08:10,08:10:06
38302,0,1,22-05-2018 08:11,08:11:07
38302,0,1,22-05-2018 08:12,08:12:08
38302,0,1,22-05-2018 08:13,08:13:09
38302,0,1,22-05-2018 08:14,08:14:10
38302,0,1,22-05-2018 08:15,08:15:11
38302,0,1,22-05-2018 08:16,08:16:12
38302,0,1,22-05-2018 08:17,08:17:13
38302,0,1,22-05-2018 08:18,08:18:14
38302,0,1,22-05-2018 08:19,08:19:15
38302,0,1,22-05-2018 08:20,08:20:16
38302,0,1,22-05-2018 08:21,08:21:17
38302,0,1,22-05-2018 08:22,08:22:07
38302,0,1,22-05-2018 08:23,08:23:11
38302,0,1,22-05-2018 08:24,08:24:15
38302,0,1,22-05-2018 08:25,08:25:19
38302,0,1,22-05-2018 08:26,08:26:22
38302,0,1,22-05-2018 08:27,08:27:23
38302,0,1,22-05-2018 08:28,08:28:24
38302,0,1,22-05-2018 08:29,08:29:25
38302,0,1,22-05-2018 08:30,08:30:26
38302,0,1,22-05-2018 08:31,08:31:27
38302,0,1,22-05-2018 08:32,08:32:28
38302,0,1,22-05-2018 08:33,08:33:29
38302,0,1,22-05-2018 08:34,08:34:00
38302,0,1,22-05-2018 08:35,08:35:04
38302,0,1,22-05-2018 08:36,08:36:07
38302,0,1,22-05-2018 08:37,08:37:11
38302,0,1,22-05-2018 08:38,08:38:14
38302,0,1,22-05-2018 08:39,08:39:35
38302,0,1,22-05-2018 08:40,08:40:26
38302,0,1,22-05-2018 08:41,08:41:30
38302,0,1,22-05-2018 08:42,08:42:34
38302,0,1,22-05-2018 08:43,08:43:37
38302,0,1,22-05-2018 08:44,08:44:40
38302,0,1,22-05-2018 08:45,08:45:41
38302,0,1,22-05-2018 08:46,08:46:42
38302,0,1,22-05-2018 08:47,08:47:06
38302,0,1,22-05-2018 08:48,08:48:09
38302,0,1,22-05-2018 08:49,08:49:12
38302,0,1,22-05-2018 08:50,08:50:15
38302,0,1,22-05-2018 08:51,08:51:19
38302,0,1,22-05-2018 08:52,08:52:22
38302,0,1,22-05-2018 08:53,08:53:26
38302,0,1,22-05-2018 08:54,08:54:30
38302,0,1,22-05-2018 08:55,08:55:33
38302,0,1,22-05-2018 08:56,08:56:37
38302,0,1,22-05-2018 08:57,08:57:53
38302,0,1,22-05-2018 08:58,08:58:54
38302,0,1,22-05-2018 08:59,08:59:55
38302,0,1,22-05-2018 09:00,09:00:25
38302,0,1,22-05-2018 09:01,09:01:57
38302,0,1,22-05-2018 09:02,09:02:11
38302,0,1,22-05-2018 09:03,09:03:15
38302,0,1,22-05-2018 09:04,09:04:18
38302,0,1,22-05-2018 09:05,09:05:00
38302,0,1,22-05-2018 09:06,09:06:01
38302,0,1,22-05-2018 09:07,09:07:02
38302,0,1,22-05-2018 09:08,09:08:03
38302,0,1,22-05-2018 09:09,09:09:04
38302,0,1,22-05-2018 09:10,09:10:05
38302,0,1,22-05-2018 09:11,09:11:06
38302,0,1,22-05-2018 09:12,09:12:01
38302,0,1,22-05-2018 09:13,09:13:05
38302,0,1,22-05-2018 09:14,09:14:08
38302,0,1,22-05-2018 09:15,09:15:10
38302,0,1,22-05-2018 09:16,09:16:11
38302,0,1,22-05-2018 09:17,09:17:12
38302,0,1,22-05-2018 09:18,09:18:13
38302,0,1,22-05-2018 09:19,09:19:14
38302,0,1,22-05-2018 09:20,09:20:15
38302,0,1,22-05-2018 09:21,09:21:16
38302,0,1,22-05-2018 09:22,09:22:17
38302,0,1,22-05-2018 09:23,09:23:18
38302,0,1,22-05-2018 09:24,09:24:19
38302,0,1,22-05-2018 09:25,09:25:20
38302,0,1,22-05-2018 09:26,09:26:21
38302,0,1,22-05-2018 09:27,09:27:22
38302,0,1,22-05-2018 09:28,09:28:14
38302,0,1,22-05-2018 09:29,09:29:18
38302,0,1,22-05-2018 09:30,09:30:22
38302,0,1,22-05-2018 09:31,09:31:26
38302,0,1,22-05-2018 09:32,09:32:27
38302,0,1,22-05-2018 09:33,09:33:28
38302,0,1,22-05-2018 09:34,09:34:29
38302,0,1,22-05-2018 09:35,09:35:30
38302,0,1,22-05-2018 09:36,09:36:31
38302,0,1,22-05-2018 09:37,09:37:32
38302,0,1,22-05-2018 09:38,09:38:00
38302,0,1,22-05-2018 09:39,09:39:03
38302,0,1,22-05-2018 09:40,09:40:35
38302,0,1,22-05-2018 09:41,09:41:13
38302,0,1,22-05-2018 09:42,09:42:17
38302,0,1,22-05-2018 09:43,09:43:38
38302,0,1,22-05-2018 09:44,09:44:26
38302,0,1,22-05-2018 09:45,09:45:30
38302,0,1,22-05-2018 09:46,09:46:34
38302,0,1,22-05-2018 09:47,09:47:38
38302,0,1,22-05-2018 09:48,09:48:43
38302,0,1,22-05-2018 09:49,09:49:44
38302,0,1,22-05-2018 09:50,09:50:45
38302,0,1,22-05-2018 09:51,09:51:46
38302,0,1,22-05-2018 09:52,09:52:10
38302,0,1,22-05-2018 09:53,09:53:30
38302,0,1,22-05-2018 09:54,09:54:19
38302,0,1,22-05-2018 09:55,09:55:24
38302,0,1,22-05-2018 09:56,09:56:28
38302,0,1,22-05-2018 09:57,09:57:32
38302,0,1,22-05-2018 09:58,09:58:36
38302,0,1,22-05-2018 09:59,09:59:54
38302,0,1,22-05-2018 10:00,10:00:46
38302,0,1,22-05-2018 10:01,10:01:50
38302,0,1,22-05-2018 10:02,10:02:16
38302,0,1,22-05-2018 10:03,10:03:57
38302,0,1,22-05-2018 10:04,10:04:59
38302,0,1,22-05-2018 10:06,10:06:00
38302,0,1,22-05-2018 10:07,10:07:01
38302,0,1,22-05-2018 10:08,10:08:02
38302,0,1,22-05-2018 10:09,10:09:03
38302,0,1,22-05-2018 10:10,10:10:04
38302,0,1,22-05-2018 10:11,10:11:05
38302,0,1,22-05-2018 10:12,10:12:06
38302,0,1,22-05-2018 10:13,10:13:07
38302,0,1,22-05-2018 10:14,10:14:08
38302,0,1,22-05-2018 10:15,10:15:09
38302,0,1,22-05-2018 10:16,10:16:10
38302,0,1,22-05-2018 10:17,10:17:04
38302,0,1,22-05-2018 10:18,10:18:12
38302,0,1,22-05-2018 10:19,10:19:13
38302,0,1,22-05-2018 10:20,10:20:14
38302,0,1,22-05-2018 10:21,10:21:15
38302,0,1,22-05-2018 10:22,10:22:16
38302,0,1,22-05-2018 10:23,10:23:17
38302,0,1,22-05-2018 10:24,10:24:18
38302,0,1,22-05-2018 10:25,10:25:19
38302,0,1,22-05-2018 10:26,10:26:20
38302,0,1,22-05-2018 10:27,10:27:21
38302,0,1,22-05-2018 10:28,10:28:22
38302,0,1,22-05-2018 10:29,10:29:03
38302,0,1,22-05-2018 10:30,10:30:24
38302,0,1,22-05-2018 10:31,10:31:25
38302,0,1,22-05-2018 10:32,10:32:26
38302,0,1,22-05-2018 10:33,10:33:02
38302,0,1,22-05-2018 10:34,10:34:28
38302,0,1,22-05-2018 10:35,10:35:29
38302,0,1,22-05-2018 10:36,10:36:30
38302,0,1,22-05-2018 10:37,10:37:31
38302,0,1,22-05-2018 10:38,10:38:32
38302,0,1,22-05-2018 10:39,10:39:00
38302,0,1,22-05-2018 10:40,10:40:03
38302,0,1,22-05-2018 10:41,10:41:06
38302,0,1,22-05-2018 10:42,10:42:36
38302,0,1,22-05-2018 10:43,10:43:25
38302,0,1,22-05-2018 10:44,10:44:29
38302,0,1,22-05-2018 10:45,10:45:33
38302,0,1,22-05-2018 10:46,10:46:37
38302,0,1,22-05-2018 10:47,10:47:41
38302,0,1,22-05-2018 10:48,10:48:42
38302,0,1,22-05-2018 10:49,10:49:43
38302,0,1,22-05-2018 10:50,10:50:44
38302,0,1,22-05-2018 10:51,10:51:45
38302,0,1,22-05-2018 10:52,10:52:46
38302,0,1,22-05-2018 10:53,10:53:02
38302,0,1,22-05-2018 10:54,10:54:48
38302,0,1,22-05-2018 10:55,10:55:21
38302,0,1,22-05-2018 10:56,10:56:25
38302,0,1,22-05-2018 10:57,10:57:29
38302,0,1,22-05-2018 10:58,10:58:33
38302,0,1,22-05-2018 10:59,10:59:36
38302,0,1,22-05-2018 11:00,11:00:42
38302,0,1,22-05-2018 11:01,11:01:46
38302,0,1,22-05-2018 11:02,11:02:50
38302,0,1,22-05-2018 11:03,11:03:53
38302,0,1,22-05-2018 11:04,11:04:57
38302,0,1,22-05-2018 11:05,11:05:59
38302,0,1,22-05-2018 11:07,11:07:00
38302,0,1,22-05-2018 11:08,11:08:01
38302,0,1,22-05-2018 11:09,11:09:02
38302,0,1,22-05-2018 11:10,11:10:03
38302,0,1,22-05-2018 11:11,11:11:04
38302,0,1,22-05-2018 11:12,11:12:05
38302,0,1,22-05-2018 11:13,11:13:06
38302,0,1,22-05-2018 11:14,11:14:07
38302,0,1,22-05-2018 11:15,11:15:08
38302,0,1,22-05-2018 11:16,11:16:09
38302,0,1,22-05-2018 11:17,11:17:10
38302,0,1,22-05-2018 11:18,11:18:11
38302,0,1,22-05-2018 11:19,11:19:12
38302,0,1,22-05-2018 11:20,11:20:13
38302,0,1,22-05-2018 11:21,11:21:02
38302,0,1,22-05-2018 11:22,11:22:50
38302,0,1,22-05-2018 11:25,11:25:07
38302,0,1,22-05-2018 11:26,11:26:19
38302,0,1,22-05-2018 11:27,11:27:18
38302,0,1,22-05-2018 11:28,11:28:21
38302,0,1,22-05-2018 11:29,11:29:22
38302,0,1,22-05-2018 11:30,11:30:23
38302,0,1,22-05-2018 11:31,11:31:24
38302,0,1,22-05-2018 11:32,11:32:25
38302,0,1,22-05-2018 11:33,11:33:04
38302,0,1,22-05-2018 11:34,11:34:08
38302,0,1,22-05-2018 11:35,11:35:12
38302,0,1,22-05-2018 11:36,11:36:29
38302,0,1,22-05-2018 11:37,11:37:22
38302,0,1,22-05-2018 11:38,11:38:26
38302,0,1,22-05-2018 11:39,11:39:30
38302,0,1,22-05-2018 11:40,11:40:33
38302,0,1,22-05-2018 11:41,11:41:34
38302,0,1,22-05-2018 11:42,11:42:35
38302,0,1,22-05-2018 11:43,11:43:36
38302,0,1,22-05-2018 11:44,11:44:37
38302,0,1,22-05-2018 11:45,11:45:38
38302,0,1,22-05-2018 11:46,11:46:05
38302,0,1,22-05-2018 11:47,11:47:08
38302,0,1,22-05-2018 11:48,11:48:12
38302,0,1,22-05-2018 11:49,11:49:15
38302,0,1,22-05-2018 11:50,11:50:19
38302,0,1,22-05-2018 11:51,11:51:23
38302,0,1,22-05-2018 11:52,11:52:27
38302,0,1,22-05-2018 11:53,11:53:31
38302,0,1,22-05-2018 11:54,11:54:35
38302,0,1,22-05-2018 11:55,11:55:39
38302,0,1,22-05-2018 11:56,11:56:49
38302,0,1,22-05-2018 11:57,11:57:50
38302,0,1,22-05-2018 11:58,11:58:51
38302,0,1,22-05-2018 11:59,11:59:26
38302,0,1,22-05-2018 12:00,12:00:53
38302,0,1,22-05-2018 12:01,12:01:18
38302,0,1,22-05-2018 12:02,12:02:22
38302,0,1,22-05-2018 12:03,12:03:56
38302,0,1,22-05-2018 12:04,12:04:31
38302,0,1,22-05-2018 12:05,12:05:35
38302,0,1,22-05-2018 12:06,12:06:39
38302,0,1,22-05-2018 12:07,12:07:43
38302,0,1,22-05-2018 12:08,12:08:00
38302,0,1,22-05-2018 12:09,12:09:01
38302,0,1,22-05-2018 12:10,12:10:02
38302,0,1,22-05-2018 12:11,12:11:03
38302,0,1,22-05-2018 12:12,12:12:04
38302,0,1,22-05-2018 12:13,12:13:05
38302,0,1,22-05-2018 12:14,12:14:06
38302,0,1,22-05-2018 12:15,12:15:07
38302,0,1,22-05-2018 12:16,12:16:08
38302,0,1,22-05-2018 12:17,12:17:09
38302,0,1,22-05-2018 12:18,12:18:10
38302,0,1,22-05-2018 12:19,12:19:11
38302,0,1,22-05-2018 12:20,12:20:12
38302,0,1,22-05-2018 12:21,12:21:13
38302,0,1,22-05-2018 12:22,12:22:05
38302,0,1,22-05-2018 12:23,12:23:09
38302,0,1,22-05-2018 12:24,12:24:13
38302,0,1,22-05-2018 12:25,12:25:17
38302,0,1,22-05-2018 12:26,12:26:18
38302,0,1,22-05-2018 12:27,12:27:19
38302,0,1,22-05-2018 12:28,12:28:20
38302,0,1,22-05-2018 12:29,12:29:08
38302,0,1,22-05-2018 12:30,12:30:22
38302,0,1,22-05-2018 12:31,12:31:23
38302,0,1,22-05-2018 12:32,12:32:24
38302,0,1,22-05-2018 12:33,12:33:00
38302,0,1,22-05-2018 12:34,12:34:04
38302,0,1,22-05-2018 12:35,12:35:07
38302,0,1,22-05-2018 12:36,12:36:12
38302,0,1,22-05-2018 12:37,12:37:15
38302,0,1,22-05-2018 12:38,12:38:29
38302,0,1,22-05-2018 12:39,12:39:26
38302,0,1,22-05-2018 12:40,12:40:31
38302,0,1,22-05-2018 12:41,12:41:32
38302,0,1,22-05-2018 12:42,12:42:03
38302,0,1,22-05-2018 12:43,12:43:34
38302,0,1,22-05-2018 12:44,12:44:35
38302,0,1,22-05-2018 12:45,12:45:02
38302,0,1,22-05-2018 12:46,12:46:05
38302,0,1,22-05-2018 12:47,12:47:09
38302,0,1,22-05-2018 12:48,12:48:12
38302,0,1,22-05-2018 12:49,12:49:15
38302,0,1,22-05-2018 12:50,12:50:19
38302,0,1,22-05-2018 12:51,12:51:42
38302,0,1,22-05-2018 12:52,12:52:43
38302,0,1,22-05-2018 12:53,12:53:44
38302,0,1,22-05-2018 12:54,12:54:07
38302,0,1,22-05-2018 12:55,12:55:46
38302,0,1,22-05-2018 12:56,12:56:47
38302,0,1,22-05-2018 12:57,12:57:20
38302,0,1,22-05-2018 12:58,12:58:49
38302,0,1,22-05-2018 12:59,12:59:50
38302,0,1,22-05-2018 13:00,13:00:18
38302,0,1,22-05-2018 13:01,13:01:52
38302,0,1,22-05-2018 13:02,13:02:06
38302,0,1,22-05-2018 13:03,13:03:10
38302,0,1,22-05-2018 13:04,13:04:15
38302,0,1,22-05-2018 13:05,13:05:18
38302,0,1,22-05-2018 13:06,13:06:22
38302,0,1,22-05-2018 13:07,13:07:26
38302,0,1,22-05-2018 13:08,13:08:30
38302,0,1,22-05-2018 13:09,13:09:34
38302,0,1,22-05-2018 13:10,13:10:00
38302,0,1,22-05-2018 13:11,13:11:01
38302,0,1,22-05-2018 13:12,13:12:02
38302,0,1,22-05-2018 13:13,13:13:03
38302,0,1,22-05-2018 13:14,13:14:02
38302,0,1,22-05-2018 13:15,13:15:05
38302,0,1,22-05-2018 13:16,13:16:06
38302,0,1,22-05-2018 13:17,13:17:07
38302,0,1,22-05-2018 13:18,13:18:08
38302,0,1,22-05-2018 13:19,13:19:09
38302,0,1,22-05-2018 13:20,13:20:10
38302,0,1,22-05-2018 13:21,13:21:11
38302,0,1,22-05-2018 13:22,13:22:12
38302,0,1,22-05-2018 13:23,13:23:13
38302,0,1,22-05-2018 13:24,13:24:14
38302,0,1,22-05-2018 13:25,13:25:15
38302,0,1,22-05-2018 13:26,13:26:02
38302,0,1,22-05-2018 13:27,13:27:06
38302,0,1,22-05-2018 13:28,13:28:10
38302,0,1,22-05-2018 13:29,13:29:14
38302,0,1,22-05-2018 13:30,13:30:18
38302,0,1,22-05-2018 13:31,13:31:21
38302,0,1,22-05-2018 13:32,13:32:22
38302,0,1,22-05-2018 13:33,13:33:23
38302,0,1,22-05-2018 13:34,13:34:24
38302,0,1,22-05-2018 13:35,13:35:25
38302,0,1,22-05-2018 13:36,13:36:26
38302,0,1,22-05-2018 13:37,13:37:18
38302,0,1,22-05-2018 13:38,13:38:28
38302,0,1,22-05-2018 13:39,13:39:01
38302,0,1,22-05-2018 13:40,13:40:30
38302,0,1,22-05-2018 13:41,13:41:11
38302,0,1,22-05-2018 13:42,13:42:15
38302,0,1,22-05-2018 13:43,13:43:20
38302,0,1,22-05-2018 13:44,13:44:34
38302,0,1,22-05-2018 13:45,13:45:30
38302,0,1,22-05-2018 13:46,13:46:34
38302,0,1,22-05-2018 13:47,13:47:00
38302,0,1,22-05-2018 13:51,13:51:41
38302,0,1,22-05-2018 13:52,13:52:04
38302,0,1,22-05-2018 13:53,13:53:09
38302,0,1,22-05-2018 13:54,13:54:12
38302,0,1,22-05-2018 13:55,13:55:15
38302,0,1,22-05-2018 13:56,13:56:19
38302,0,1,22-05-2018 13:57,13:57:22
38302,0,1,22-05-2018 13:58,13:58:27
38302,0,1,22-05-2018 13:59,13:59:30
38302,0,1,22-05-2018 14:00,14:00:50
38302,0,1,22-05-2018 14:01,14:01:50
38302,0,1,22-05-2018 14:02,14:02:52
38302,0,1,22-05-2018 14:03,14:03:18
38302,0,1,22-05-2018 14:04,14:04:54
38302,0,1,22-05-2018 14:05,14:05:02
38302,0,1,22-05-2018 14:06,14:06:06
38302,0,1,22-05-2018 14:07,14:07:13
38302,0,1,22-05-2018 14:08,14:08:18
38302,0,1,22-05-2018 14:09,14:09:22
38302,0,1,22-05-2018 14:11,14:11:00
38302,0,1,22-05-2018 14:12,14:12:01
38302,0,1,22-05-2018 14:13,14:13:02
38302,0,1,22-05-2018 14:14,14:14:03
38302,0,1,22-05-2018 14:15,14:15:04
38302,0,1,22-05-2018 14:16,14:16:03
38302,0,1,22-05-2018 14:17,14:17:06
38302,0,1,22-05-2018 14:18,14:18:07
38302,0,1,22-05-2018 14:19,14:19:08
38302,0,1,22-05-2018 14:20,14:20:09
38302,0,1,22-05-2018 14:21,14:21:10
38302,0,1,22-05-2018 14:22,14:22:11
38302,0,1,22-05-2018 14:23,14:23:12
38302,0,1,22-05-2018 14:24,14:24:13
38302,0,1,22-05-2018 14:25,14:25:14
38302,0,1,22-05-2018 14:26,14:26:15
38302,0,1,22-05-2018 14:27,14:27:16
38302,0,1,22-05-2018 14:28,14:28:17
38302,0,1,22-05-2018 14:29,14:29:35
38302,0,1,22-05-2018 14:30,14:30:46
38302,0,1,22-05-2018 14:31,14:31:51
38302,0,1,22-05-2018 14:32,14:32:21
38302,0,1,22-05-2018 14:33,14:33:22
38302,0,1,22-05-2018 14:34,14:34:00
38302,0,1,22-05-2018 14:35,14:35:04
38302,0,1,22-05-2018 14:36,14:36:09
38302,0,1,22-05-2018 14:37,14:37:13
38302,0,1,22-05-2018 14:38,14:38:17
38302,0,1,22-05-2018 14:39,14:39:28
38302,0,1,22-05-2018 14:40,14:40:29
38302,0,1,22-05-2018 14:41,14:41:30
38302,0,1,22-05-2018 14:42,14:42:09
38302,0,1,22-05-2018 14:43,14:43:32
38302,0,1,22-05-2018 14:44,14:44:33
38302,0,1,22-05-2018 14:45,14:45:34
38302,0,1,22-05-2018 14:46,14:46:02
38302,0,1,22-05-2018 14:47,14:47:05
38302,0,1,22-05-2018 14:48,14:48:09
38302,0,1,22-05-2018 14:49,14:49:12
38302,0,1,22-05-2018 14:50,14:50:39
38302,0,1,22-05-2018 14:51,14:51:40
38302,0,1,22-05-2018 14:52,14:52:31
38302,0,1,22-05-2018 14:53,14:53:42
38302,0,1,22-05-2018 14:54,14:54:00
38302,0,1,22-05-2018 14:55,14:55:44
38302,0,1,22-05-2018 14:56,14:56:18
38302,0,1,22-05-2018 14:57,14:57:01
38302,0,1,22-05-2018 14:58,14:58:04
38302,0,1,22-05-2018 14:59,14:59:08
38302,0,1,22-05-2018 15:00,15:00:12
38302,0,1,22-05-2018 15:01,15:01:16
38302,0,1,22-05-2018 15:02,15:02:22
38302,0,1,22-05-2018 15:03,15:03:25
38302,0,1,22-05-2018 15:04,15:04:29
38302,0,1,22-05-2018 15:05,15:05:33
38302,0,1,22-05-2018 15:06,15:06:55
38302,0,1,22-05-2018 15:07,15:07:52
38302,0,1,22-05-2018 15:08,15:08:56
38302,0,1,22-05-2018 15:09,15:09:21
38302,0,1,22-05-2018 15:10,15:10:00
38302,0,1,22-05-2018 15:12,15:12:00
38302,0,1,22-05-2018 15:13,15:13:01
38302,0,1,22-05-2018 15:14,15:14:02
38302,0,1,22-05-2018 15:15,15:15:03
38302,0,1,22-05-2018 15:16,15:16:04
38302,0,1,22-05-2018 15:17,15:17:05
38302,0,1,22-05-2018 15:18,15:18:06
38302,0,1,22-05-2018 15:20,15:20:59
38302,0,1,22-05-2018 15:22,15:22:06
38302,0,1,22-05-2018 15:23,15:23:11
38302,0,1,22-05-2018 15:24,15:24:12
38302,0,1,22-05-2018 15:25,15:25:13
38302,0,1,22-05-2018 15:26,15:26:14
38302,0,1,22-05-2018 15:27,15:27:15
38302,0,1,22-05-2018 15:28,15:28:16
38302,0,1,22-05-2018 15:29,15:29:17
38302,0,1,22-05-2018 15:30,15:30:00
38303,1,0,22-05-2018 15:31,15:31:06
38304,1,0,22-05-2018 15:32,15:32:08
38305,1,0,22-05-2018 15:33,15:33:10
38307,1,0,22-05-2018 15:34,15:34:12
38308,1,0,22-05-2018 15:35,15:35:14
38310,1,0,22-05-2018 15:36,15:36:16
38311,1,0,22-05-2018 15:37,15:37:18
38313,1,0,22-05-2018 15:38,15:38:20
38315,1,0,22-05-2018 15:39,15:39:22
38316,1,0,22-05-2018 15:40,15:40:24
38318,1,0,22-05-2018 15:41,15:41:26
38320,1,0,22-05-2018 15:42,15:42:28
38321,1,0,22-05-2018 15:43,15:43:12
38322,1,0,22-05-2018 15:44,15:44:01
38324,1,0,22-05-2018 15:45,15:45:03
38325,1,0,22-05-2018 15:46,15:46:05
38327,1,0,22-05-2018 15:47,15:47:07
38324,1,0,22-05-2018 15:48,15:48:09
38329,1,0,22-05-2018 15:49,15:49:06
38331,1,0,22-05-2018 15:50,15:50:13
38332,1,0,22-05-2018 15:51,15:51:15
38334,1,0,22-05-2018 15:52,15:52:17
38335,1,0,22-05-2018 15:53,15:53:19
38337,1,0,22-05-2018 15:54,15:54:21
38338,1,0,22-05-2018 15:55,15:55:23
38340,1,0,22-05-2018 15:56,15:56:25
38341,1,0,22-05-2018 15:57,15:57:08
38343,1,0,22-05-2018 15:58,15:58:29
38344,1,0,22-05-2018 15:59,15:59:00
38345,1,0,22-05-2018 16:00,16:00:02
38347,1,0,22-05-2018 16:01,16:01:04
38348,1,0,22-05-2018 16:02,16:02:06
38350,1,0,22-05-2018 16:03,16:03:08
38351,1,0,22-05-2018 16:04,16:04:10
38352,1,0,22-05-2018 16:05,16:05:00
38354,1,0,22-05-2018 16:06,16:06:04
38356,1,0,22-05-2018 16:07,16:07:08
38357,1,0,22-05-2018 16:08,16:08:12
38359,1,0,22-05-2018 16:09,16:09:17
38360,1,0,22-05-2018 16:10,16:10:21
38362,1,0,22-05-2018 16:11,16:11:24
38363,1,0,22-05-2018 16:12,16:12:26
38365,1,0,22-05-2018 16:13,16:13:28
38367,1,0,22-05-2018 16:14,16:14:30
38367,1,0,22-05-2018 16:15,16:15:01
38369,1,0,22-05-2018 16:16,16:16:03
38370,1,0,22-05-2018 16:17,16:17:05
38372,1,0,22-05-2018 16:18,16:18:00
38373,1,0,22-05-2018 16:19,16:19:04
38375,1,0,22-05-2018 16:20,16:20:08
38376,1,0,22-05-2018 16:21,16:21:11
38378,1,0,22-05-2018 16:22,16:22:15
38380,1,0,22-05-2018 16:23,16:23:17
38381,1,0,22-05-2018 16:24,16:24:19
38383,1,0,22-05-2018 16:25,16:25:21
38384,1,0,22-05-2018 16:26,16:26:23
38381,1,0,22-05-2018 16:27,16:27:04
38387,1,0,22-05-2018 16:28,16:28:27
38389,1,0,22-05-2018 16:29,16:29:29
38390,1,0,22-05-2018 16:30,16:30:00
38391,1,0,22-05-2018 16:31,16:31:02
38393,1,0,22-05-2018 16:32,16:32:04
38394,1,0,22-05-2018 16:33,16:33:06
38396,1,0,22-05-2018 16:34,16:34:08
38397,1,0,22-05-2018 16:35,16:35:10
38399,1,0,22-05-2018 16:36,16:36:12
38400,1,0,22-05-2018 16:37,16:37:13
38402,1,0,22-05-2018 16:38,16:38:15
38399,1,0,22-05-2018 16:39,16:39:15
38405,1,0,22-05-2018 16:40,16:40:19
38407,1,0,22-05-2018 16:41,16:41:21
38408,1,0,22-05-2018 16:42,16:42:03
38409,1,0,22-05-2018 16:43,16:43:06
38411,1,0,22-05-2018 16:44,16:44:27
38413,1,0,22-05-2018 16:45,16:45:17
38414,1,0,22-05-2018 16:46,16:46:00
38415,1,0,22-05-2018 16:47,16:47:02
38417,1,0,22-05-2018 16:48,16:48:04
38418,1,0,22-05-2018 16:49,16:49:06
38420,1,0,22-05-2018 16:50,16:50:08
38422,1,0,22-05-2018 16:51,16:51:10
38423,1,0,22-05-2018 16:52,16:52:00
38425,1,0,22-05-2018 16:53,16:53:04
38427,1,0,22-05-2018 16:54,16:54:09
38429,1,0,22-05-2018 16:55,16:55:13
38431,1,0,22-05-2018 16:56,16:56:20
38433,1,0,22-05-2018 16:57,16:57:22
38435,1,0,22-05-2018 16:58,16:58:24
38437,1,0,22-05-2018 16:59,16:59:26
38439,1,0,22-05-2018 17:00,17:00:28
38441,1,0,22-05-2018 17:01,17:01:30
38442,1,0,22-05-2018 17:02,17:02:01
38444,1,0,22-05-2018 17:03,17:03:03
38446,1,0,22-05-2018 17:04,17:04:05
38448,1,0,22-05-2018 17:05,17:05:04
38450,1,0,22-05-2018 17:06,17:06:08
38452,1,0,22-05-2018 17:07,17:07:11
38454,1,0,22-05-2018 17:08,17:08:13
38456,1,0,22-05-2018 17:09,17:09:15
38458,1,0,22-05-2018 17:10,17:10:17
38460,1,0,22-05-2018 17:11,17:11:19
38462,1,0,22-05-2018 17:12,17:12:21
38464,1,0,22-05-2018 17:13,17:13:23
38467,1,0,22-05-2018 17:14,17:14:25
38469,1,0,22-05-2018 17:15,17:15:27
38471,1,0,22-05-2018 17:16,17:16:29
38472,1,0,22-05-2018 17:17,17:17:00
38474,1,0,22-05-2018 17:18,17:18:02
38476,1,0,22-05-2018 17:19,17:19:04
38479,1,0,22-05-2018 17:20,17:20:06
38481,1,0,22-05-2018 17:21,17:21:08
38483,1,0,22-05-2018 17:22,17:22:10
38485,1,0,22-05-2018 17:23,17:23:12
38487,1,0,22-05-2018 17:24,17:24:14
38490,1,0,22-05-2018 17:25,17:25:16
38492,1,0,22-05-2018 17:26,17:26:18
38494,1,0,22-05-2018 17:27,17:27:20
38496,1,0,22-05-2018 17:28,17:28:22
38498,1,0,22-05-2018 17:29,17:29:24
38500,1,0,22-05-2018 17:30,17:30:04
38502,1,0,22-05-2018 17:31,17:31:08
38504,1,0,22-05-2018 17:32,17:32:12
38506,1,0,22-05-2018 17:33,17:33:01
38508,1,0,22-05-2018 17:34,17:34:03
38510,1,0,22-05-2018 17:35,17:35:05
38512,1,0,22-05-2018 17:36,17:36:07
38513,1,0,22-05-2018 17:37,17:37:09
38515,1,0,22-05-2018 17:38,17:38:11
38516,1,0,22-05-2018 17:39,17:39:13
38518,1,0,22-05-2018 17:40,17:40:15
38519,1,0,22-05-2018 17:41,17:41:03
38520,1,0,22-05-2018 17:42,17:42:06
38521,1,0,22-05-2018 17:43,17:43:11
38522,1,0,22-05-2018 17:44,17:44:15
38523,1,0,22-05-2018 17:45,17:45:19
38524,1,0,22-05-2018 17:46,17:46:25
38525,1,0,22-05-2018 17:47,17:47:29
38525,1,0,22-05-2018 17:48,17:48:00
38526,1,0,22-05-2018 17:49,17:49:02
38527,1,0,22-05-2018 17:50,17:50:04
38528,1,0,22-05-2018 17:51,17:51:06
38529,1,0,22-05-2018 17:52,17:52:08
38529,1,0,22-05-2018 17:53,17:53:06
38530,1,0,22-05-2018 17:54,17:54:10
38531,1,0,22-05-2018 17:55,17:55:13
38532,1,0,22-05-2018 17:56,17:56:16
38532,1,0,22-05-2018 17:57,17:57:18
38534,1,0,22-05-2018 17:58,17:58:20
38535,1,0,22-05-2018 17:59,17:59:22
38536,1,0,22-05-2018 18:00,18:00:24
38538,1,0,22-05-2018 18:01,18:01:26
38539,1,0,22-05-2018 18:02,18:02:28
38541,1,0,22-05-2018 18:03,18:03:30
38542,1,0,22-05-2018 18:04,18:04:01
38543,1,0,22-05-2018 18:05,18:05:03
38545,1,0,22-05-2018 18:06,18:06:05
38547,1,0,22-05-2018 18:07,18:07:07
38549,1,0,22-05-2018 18:08,18:08:09
38551,1,0,22-05-2018 18:09,18:09:11
38553,1,0,22-05-2018 18:10,18:10:13
38555,1,0,22-05-2018 18:11,18:11:15
38557,1,0,22-05-2018 18:12,18:12:17
38559,1,0,22-05-2018 18:13,18:13:19
38561,1,0,22-05-2018 18:14,18:14:21
38562,1,0,22-05-2018 18:15,18:15:23
38564,1,0,22-05-2018 18:16,18:16:25
38566,1,0,22-05-2018 18:17,18:17:18
38567,1,0,22-05-2018 18:18,18:18:22
38568,1,0,22-05-2018 18:19,18:19:00
38570,1,0,22-05-2018 18:20,18:20:02
38571,1,0,22-05-2018 18:21,18:21:04
38572,1,0,22-05-2018 18:22,18:22:06
38573,1,0,22-05-2018 18:23,18:23:08
38574,1,0,22-05-2018 18:24,18:24:10
38575,1,0,22-05-2018 18:25,18:25:12
38575,1,0,22-05-2018 18:26,18:26:14
38576,1,0,22-05-2018 18:27,18:27:01
38577,1,0,22-05-2018 18:28,18:28:18
38577,1,0,22-05-2018 18:29,18:29:20
38577,1,0,22-05-2018 18:30,18:30:22
38577,1,0,22-05-2018 18:31,18:31:24
38577,1,0,22-05-2018 18:32,18:32:26
38577,1,0,22-05-2018 18:33,18:33:28
38577,1,0,22-05-2018 18:34,18:34:30
38577,1,0,22-05-2018 18:35,18:35:01
38577,1,0,22-05-2018 18:36,18:36:03
38577,1,0,22-05-2018 18:37,18:37:05
38577,1,0,22-05-2018 18:38,18:38:07
38577,1,0,22-05-2018 18:39,18:39:09
38577,1,0,22-05-2018 18:40,18:40:11
38577,1,0,22-05-2018 18:41,18:41:13
38577,1,0,22-05-2018 18:42,18:42:15
38577,1,0,22-05-2018 18:43,18:43:17
38577,1,0,22-05-2018 18:44,18:44:19
38577,1,0,22-05-2018 18:45,18:45:21
38577,1,0,22-05-2018 18:46,18:46:23
38577,1,0,22-05-2018 18:47,18:47:25
38577,1,0,22-05-2018 18:48,18:48:19
38577,1,0,22-05-2018 18:49,18:49:29
38577,1,0,22-05-2018 18:50,18:50:00
38577,1,0,22-05-2018 18:51,18:51:02
38577,1,0,22-05-2018 18:52,18:52:04
38577,1,0,22-05-2018 18:53,18:53:06
38577,1,0,22-05-2018 18:54,18:54:08
38577,1,0,22-05-2018 18:55,18:55:10
38577,1,0,22-05-2018 18:56,18:56:12
38577,1,0,22-05-2018 18:57,18:57:14
38577,1,0,22-05-2018 18:58,18:58:16
38577,1,0,22-05-2018 18:59,18:59:18
38577,1,0,22-05-2018 19:00,19:00:20
38577,1,0,22-05-2018 19:01,19:01:22
38577,1,0,22-05-2018 19:02,19:02:24
38577,1,0,22-05-2018 19:03,19:03:26
38577,1,0,22-05-2018 19:04,19:04:00
38577,1,0,22-05-2018 19:05,19:05:30
38577,1,0,22-05-2018 19:06,19:06:01
38577,1,0,22-05-2018 19:07,19:07:03
38577,1,0,22-05-2018 19:08,19:08:00
38577,1,0,22-05-2018 19:09,19:09:07
38577,1,0,22-05-2018 19:10,19:10:09
38577,1,0,22-05-2018 19:11,19:11:11
38577,1,0,22-05-2018 19:12,19:12:13
38577,1,0,22-05-2018 19:13,19:13:02
38577,1,0,22-05-2018 19:14,19:14:06
38577,1,0,22-05-2018 19:15,19:15:11
38577,1,0,22-05-2018 19:18,19:18:44
38577,1,0,22-05-2018 19:19,19:19:27
38577,1,0,22-05-2018 19:20,19:20:13
38577,1,0,22-05-2018 19:21,19:21:00
38577,1,0,22-05-2018 19:22,19:22:02
38577,1,0,22-05-2018 19:23,19:23:03
38577,1,0,22-05-2018 19:24,19:24:06
38577,1,0,22-05-2018 19:25,19:25:08
38577,1,0,22-05-2018 19:26,19:26:10
38577,1,0,22-05-2018 19:27,19:27:12
38577,1,0,22-05-2018 19:28,19:28:14
38577,1,0,22-05-2018 19:29,19:29:16
38577,1,0,22-05-2018 19:30,19:30:18
38577,1,0,22-05-2018 19:31,19:31:20
38577,1,0,22-05-2018 19:32,19:32:14
38577,1,0,22-05-2018 19:33,19:33:24
38577,1,0,22-05-2018 19:34,19:34:26
38577,1,0,22-05-2018 19:35,19:35:02
38577,1,0,22-05-2018 19:36,19:36:06
38577,1,0,22-05-2018 19:37,19:37:01
38577,1,0,22-05-2018 19:38,19:38:03
38577,1,0,22-05-2018 19:39,19:39:05
38577,1,0,22-05-2018 19:40,19:40:07
38577,1,0,22-05-2018 19:41,19:41:09
38578,1,0,22-05-2018 19:42,19:42:11
38579,1,0,22-05-2018 19:43,19:43:13
38577,1,0,22-05-2018 19:44,19:44:10
38581,1,0,22-05-2018 19:45,19:45:02
38583,1,0,22-05-2018 19:46,19:46:07
38584,1,0,22-05-2018 19:47,19:47:11
38586,1,0,22-05-2018 19:48,19:48:16
38588,1,0,22-05-2018 19:49,19:49:20
38589,1,0,22-05-2018 19:50,19:50:24
38591,1,0,22-05-2018 19:51,19:51:28
38592,1,0,22-05-2018 19:52,19:52:00
38594,1,0,22-05-2018 19:53,19:53:02
38595,1,0,22-05-2018 19:54,19:54:04
38597,1,0,22-05-2018 19:55,19:55:06
38599,1,0,22-05-2018 19:56,19:56:05
38601,1,0,22-05-2018 19:57,19:57:09
38603,1,0,22-05-2018 19:58,19:58:12
38605,1,0,22-05-2018 19:59,19:59:14
38606,0,0,22-05-2018 20:00,20:00:01
38606,0,1,22-05-2018 20:01,20:01:23
38606,0,1,22-05-2018 20:02,20:02:28
38606,0,1,22-05-2018 20:03,20:03:29
38606,0,1,22-05-2018 20:04,20:04:30
38606,0,1,22-05-2018 20:05,20:05:03
38606,0,1,22-05-2018 20:06,20:06:32
38606,0,1,22-05-2018 20:07,20:07:33
38606,0,1,22-05-2018 20:08,20:08:34
38606,0,1,22-05-2018 20:09,20:09:17
38606,0,1,22-05-2018 20:10,20:10:21
38606,0,1,22-05-2018 20:11,20:11:25
38606,0,1,22-05-2018 20:12,20:12:29
38606,0,1,22-05-2018 20:13,20:13:33
38606,0,1,22-05-2018 20:14,20:14:37
38606,0,1,22-05-2018 20:15,20:15:41
38606,0,1,22-05-2018 20:16,20:16:42
38606,0,1,22-05-2018 20:17,20:17:43
38606,0,1,22-05-2018 20:18,20:18:44
38606,0,1,22-05-2018 20:19,20:19:45
38606,0,1,22-05-2018 20:20,20:20:46
38606,0,1,22-05-2018 20:21,20:21:31
38606,0,1,22-05-2018 20:22,20:22:35
38606,0,1,22-05-2018 20:23,20:23:39
38606,0,1,22-05-2018 20:24,20:24:43
38606,0,1,22-05-2018 20:25,20:25:48
38606,0,1,22-05-2018 20:26,20:26:52
38606,0,1,22-05-2018 20:27,20:27:53
38606,0,1,22-05-2018 20:28,20:28:54
38606,0,1,22-05-2018 20:29,20:29:02
38606,0,1,22-05-2018 20:30,20:30:06
38606,0,1,22-05-2018 20:31,20:31:10
38606,0,1,22-05-2018 20:32,20:32:58
38606,0,1,22-05-2018 20:33,20:33:29
38606,0,1,22-05-2018 20:34,20:34:33
38606,0,1,22-05-2018 20:35,20:35:00
38606,0,1,22-05-2018 20:36,20:36:01
38606,0,1,22-05-2018 20:37,20:37:01
38606,0,1,22-05-2018 20:38,20:38:02
38606,0,1,22-05-2018 20:39,20:39:03
38606,0,1,22-05-2018 20:40,20:40:04
38606,0,1,22-05-2018 20:41,20:41:05
38606,0,1,22-05-2018 20:42,20:42:03
38606,0,1,22-05-2018 20:43,20:43:07
38606,0,1,22-05-2018 20:44,20:44:08
38606,0,1,22-05-2018 20:45,20:45:09
38606,0,1,22-05-2018 20:46,20:46:10
38606,0,1,22-05-2018 20:47,20:47:11
38606,0,1,22-05-2018 20:48,20:48:12
38606,0,1,22-05-2018 20:49,20:49:13
38606,0,1,22-05-2018 20:50,20:50:14
38606,0,1,22-05-2018 20:51,20:51:15
38606,0,1,22-05-2018 20:52,20:52:16
38606,0,1,22-05-2018 20:53,20:53:17
38606,0,1,22-05-2018 20:54,20:54:02
38606,0,1,22-05-2018 20:55,20:55:06
38606,0,1,22-05-2018 20:56,20:56:10
38606,0,1,22-05-2018 20:57,20:57:21
38606,0,1,22-05-2018 20:58,20:58:22
38606,0,1,22-05-2018 20:59,20:59:23
38606,0,1,22-05-2018 21:00,21:00:24
38606,0,1,22-05-2018 21:01,21:01:25
38606,0,1,22-05-2018 21:02,21:02:26
38606,0,1,22-05-2018 21:03,21:03:27
38606,0,1,22-05-2018 21:04,21:04:28
38606,0,1,22-05-2018 21:05,21:05:29
38606,0,1,22-05-2018 21:06,21:06:30
38606,0,1,22-05-2018 21:07,21:07:03
38606,0,1,22-05-2018 21:08,21:08:08
38606,0,1,22-05-2018 21:09,21:09:33
38606,0,1,22-05-2018 21:10,21:10:33
38606,0,1,22-05-2018 21:11,21:11:35
38606,0,1,22-05-2018 21:12,21:12:02
38606,0,1,22-05-2018 21:13,21:13:37
38606,0,1,22-05-2018 21:14,21:14:38
38606,0,1,22-05-2018 21:15,21:15:39
38606,0,1,22-05-2018 21:16,21:16:40
38606,0,1,22-05-2018 21:17,21:17:41
38606,0,1,22-05-2018 21:18,21:18:02
38606,0,1,22-05-2018 21:19,21:19:06
38606,0,1,22-05-2018 21:20,21:20:11
38606,0,1,22-05-2018 21:21,21:21:45
38606,0,1,22-05-2018 21:22,21:22:37
38606,0,1,22-05-2018 21:23,21:23:42
38606,0,1,22-05-2018 21:24,21:24:05
38606,0,1,22-05-2018 21:25,21:25:49
38606,0,1,22-05-2018 21:26,21:26:50
38606,0,1,22-05-2018 21:27,21:27:23
38606,0,1,22-05-2018 21:28,21:28:00
38606,0,1,22-05-2018 21:29,21:29:04
38606,0,1,22-05-2018 21:30,21:30:08
38606,0,1,22-05-2018 21:31,21:31:12
38606,0,1,22-05-2018 21:32,21:32:17
38606,0,1,22-05-2018 21:33,21:33:22
38606,0,1,22-05-2018 21:34,21:34:58
38606,0,1,22-05-2018 21:35,21:35:41
38606,0,1,22-05-2018 21:36,21:36:46
38606,0,1,22-05-2018 21:37,21:37:00
38606,0,1,22-05-2018 21:38,21:38:01
38606,0,1,22-05-2018 21:39,21:39:02
38606,0,1,22-05-2018 21:40,21:40:00
38606,0,1,22-05-2018 21:41,21:41:04
38606,0,1,22-05-2018 21:42,21:42:05
38606,0,1,22-05-2018 21:43,21:43:06
38606,0,1,22-05-2018 21:44,21:44:07
38606,0,1,22-05-2018 21:45,21:45:08
38606,0,1,22-05-2018 21:46,21:46:09
38606,0,1,22-05-2018 21:47,21:47:10
38606,0,1,22-05-2018 21:48,21:48:11
38606,0,1,22-05-2018 21:49,21:49:10
38606,0,1,22-05-2018 21:50,21:50:00
38606,0,1,22-05-2018 21:51,21:51:14
38606,0,1,22-05-2018 21:52,21:52:12
38606,0,1,22-05-2018 21:53,21:53:16
38606,0,1,22-05-2018 21:54,21:54:17
38606,0,1,22-05-2018 21:55,21:55:18
38606,0,1,22-05-2018 21:56,21:56:19
38606,0,1,22-05-2018 21:57,21:57:20
38606,0,1,22-05-2018 21:58,21:58:21
38606,0,1,22-05-2018 21:59,21:59:22
38606,0,1,22-05-2018 22:00,22:00:23
38606,0,1,22-05-2018 22:01,22:01:13
38606,0,1,22-05-2018 22:02,22:02:04
38606,0,1,22-05-2018 22:03,22:03:08
38606,0,1,22-05-2018 22:04,22:04:13
38606,0,1,22-05-2018 22:05,22:05:17
38606,0,1,22-05-2018 22:06,22:06:21
38606,0,1,22-05-2018 22:07,22:07:25
38606,0,1,22-05-2018 22:08,22:08:31
38606,0,1,22-05-2018 22:09,22:09:32
38606,0,1,22-05-2018 22:10,22:10:33
38606,0,1,22-05-2018 22:11,22:11:34
38606,0,1,22-05-2018 22:12,22:12:35
38606,0,1,22-05-2018 22:13,22:13:36
38606,0,1,22-05-2018 22:14,22:14:04
38606,0,1,22-05-2018 22:15,22:15:09
38606,0,1,22-05-2018 22:16,22:16:13
38606,0,1,22-05-2018 22:17,22:17:17
38606,0,1,22-05-2018 22:18,22:18:23
38606,0,1,22-05-2018 22:19,22:19:27
38606,0,1,22-05-2018 22:20,22:20:30
38606,0,1,22-05-2018 22:21,22:21:35
38606,0,1,22-05-2018 22:22,22:22:39
38606,0,1,22-05-2018 22:23,22:23:44
38606,0,1,22-05-2018 22:24,22:24:47
38606,0,1,22-05-2018 22:25,22:25:48
38606,0,1,22-05-2018 22:26,22:26:15
38606,0,1,22-05-2018 22:27,22:27:18
38606,0,1,22-05-2018 22:28,22:28:22
38606,0,1,22-05-2018 22:29,22:29:26
38606,0,1,22-05-2018 22:30,22:30:31
38606,0,1,22-05-2018 22:31,22:31:34
38606,0,1,22-05-2018 22:32,22:32:39
38606,0,1,22-05-2018 22:33,22:33:43
38606,0,1,22-05-2018 22:34,22:34:48
38606,0,1,22-05-2018 22:35,22:35:52
38606,0,1,22-05-2018 22:36,22:36:59
38606,0,1,22-05-2018 22:38,22:38:00
38606,0,1,22-05-2018 22:39,22:39:01
38606,0,1,22-05-2018 22:40,22:40:02
38606,0,1,22-05-2018 22:41,22:41:03
38606,0,1,22-05-2018 22:42,22:42:04
38606,0,1,22-05-2018 22:43,22:43:05
38606,0,1,22-05-2018 22:44,22:44:06
38606,0,1,22-05-2018 22:45,22:45:07
38606,0,1,22-05-2018 22:46,22:46:08
38606,0,1,22-05-2018 22:47,22:47:09
38606,0,1,22-05-2018 22:48,22:48:10
38606,0,1,22-05-2018 22:49,22:49:03
38606,0,1,22-05-2018 22:50,22:50:09
38606,0,1,22-05-2018 22:51,22:51:13
38606,0,1,22-05-2018 22:52,22:52:14
38606,0,1,22-05-2018 22:53,22:53:15
38606,0,1,22-05-2018 22:54,22:54:16
38606,0,1,22-05-2018 22:55,22:55:03
38606,0,1,22-05-2018 22:56,22:56:18
38606,0,1,22-05-2018 22:57,22:57:19
38606,0,1,22-05-2018 22:58,22:58:01
38606,0,1,22-05-2018 22:59,22:59:06
38606,0,1,22-05-2018 23:00,23:00:15
38606,0,1,22-05-2018 23:01,23:01:19
38606,0,1,22-05-2018 23:02,23:02:24
38606,0,1,22-05-2018 23:03,23:03:25
38606,0,1,22-05-2018 23:04,23:04:26
38606,0,1,22-05-2018 23:05,23:05:27
38606,0,1,22-05-2018 23:06,23:06:28
38606,0,1,22-05-2018 23:07,23:07:00
38606,0,1,22-05-2018 23:08,23:08:04
38606,0,1,22-05-2018 23:09,23:09:31
38606,0,1,22-05-2018 23:10,23:10:17
38606,0,1,22-05-2018 23:11,23:11:21
38606,0,1,22-05-2018 23:12,23:12:27
38606,0,1,22-05-2018 23:13,23:13:35
38606,0,1,22-05-2018 23:14,23:14:40
38606,0,1,22-05-2018 23:15,23:15:44
38606,0,1,22-05-2018 23:16,23:16:38
38606,0,1,22-05-2018 23:17,23:17:39
38606,0,1,22-05-2018 23:18,23:18:40
38606,0,1,22-05-2018 23:19,23:19:41
38606,0,1,22-05-2018 23:20,23:20:12
38606,0,1,22-05-2018 23:21,23:21:15
38606,0,1,22-05-2018 23:22,23:22:19
38606,0,1,22-05-2018 23:23,23:23:22
38606,0,1,22-05-2018 23:24,23:24:26
38606,0,1,22-05-2018 23:25,23:25:31
38606,0,1,22-05-2018 23:26,23:26:35
38606,0,1,22-05-2018 23:27,23:27:38
38606,0,1,22-05-2018 23:28,23:28:42
38606,0,1,22-05-2018 23:29,23:29:46
38606,0,1,22-05-2018 23:30,23:30:52
38606,0,1,22-05-2018 23:31,23:31:53
38606,0,1,22-05-2018 23:32,23:32:05
38606,0,1,22-05-2018 23:33,23:33:11
38606,0,1,22-05-2018 23:34,23:34:14
38606,0,1,22-05-2018 23:35,23:35:18
38606,0,1,22-05-2018 23:36,23:36:21
38606,0,1,22-05-2018 23:37,23:37:59
38606,0,1,22-05-2018 23:38,23:38:31
38606,0,1,22-05-2018 23:39,23:39:00
38606,0,1,22-05-2018 23:40,23:40:01
38606,0,1,22-05-2018 23:41,23:41:02
38606,0,1,22-05-2018 23:42,23:42:03
38606,0,1,22-05-2018 23:43,23:43:04
38606,0,1,22-05-2018 23:44,23:44:05
38606,0,1,22-05-2018 23:45,23:45:06
38606,0,1,22-05-2018 23:46,23:46:07
38606,0,1,22-05-2018 23:47,23:47:08
38606,0,1,22-05-2018 23:48,23:48:09
38606,0,1,22-05-2018 23:49,23:49:10
38606,0,1,22-05-2018 23:50,23:50:11
38606,0,1,22-05-2018 23:51,23:51:12
38606,0,1,22-05-2018 23:52,23:52:13
38606,0,1,22-05-2018 23:53,23:53:14
38606,0,1,22-05-2018 23:54,23:54:15
38606,0,1,22-05-2018 23:55,23:55:16
38606,0,1,22-05-2018 23:56,23:56:17
38606,0,1,22-05-2018 23:57,23:57:09
38606,0,1,22-05-2018 23:58,23:58:13
