,3,4,5,6
41409,33453,2018-05-08 00:00:47,0,1
41410,33453,2018-05-08 00:01:48,0,1
41411,33453,2018-05-08 00:02:07,0,1
41413,33453,2018-05-08 00:03:10,0,1
41415,33453,2018-05-08 00:04:14,0,1
41417,33453,2018-05-08 00:05:19,0,1
41419,33453,2018-05-08 00:06:23,0,1
41421,33453,2018-05-08 00:07:26,0,1
41423,33453,2018-05-08 00:08:31,0,1
41425,33453,2018-05-08 00:09:35,0,1
41427,33453,2018-05-08 00:10:12,0,1
41430,33453,2018-05-08 00:11:58,0,1
41431,33453,2018-05-08 00:12:18,0,1
41433,33453,2018-05-08 00:13:23,0,1
41434,33453,2018-05-08 00:14:00,0,1
41436,33453,2018-05-08 00:15:01,0,1
41438,33453,2018-05-08 00:16:02,0,1
41440,33453,2018-05-08 00:17:03,0,1
41442,33453,2018-05-08 00:18:04,0,1
41444,33453,2018-05-08 00:19:05,0,1
41446,33453,2018-05-08 00:20:06,0,1
41448,33453,2018-05-08 00:21:07,0,1
41450,33453,2018-05-08 00:22:08,0,1
41451,33453,2018-05-08 00:23:09,0,1
41452,33453,2018-05-08 00:24:10,0,1
41454,33453,2018-05-08 00:25:11,0,1
41456,33453,2018-05-08 00:26:12,0,1
41458,33453,2018-05-08 00:27:13,0,1
41460,33453,2018-05-08 00:28:14,0,1
41462,33453,2018-05-08 00:29:15,0,1
41464,33453,2018-05-08 00:30:16,0,1
41466,33453,2018-05-08 00:31:17,0,1
41468,33453,2018-05-08 00:32:18,0,1
41470,33453,2018-05-08 00:33:19,0,1
41472,33453,2018-05-08 00:34:20,0,1
41473,33453,2018-05-08 00:35:21,0,1
41474,33453,2018-05-08 00:36:21,0,1
41476,33453,2018-05-08 00:37:23,0,1
41478,33453,2018-05-08 00:38:24,0,1
41480,33453,2018-05-08 00:39:25,0,1
41482,33453,2018-05-08 00:40:26,0,1
41484,33453,2018-05-08 00:41:27,0,1
41486,33453,2018-05-08 00:42:28,0,1
41488,33453,2018-05-08 00:43:29,0,1
41490,33453,2018-05-08 00:44:30,0,1
41492,33453,2018-05-08 00:45:31,0,1
41494,33453,2018-05-08 00:46:32,0,1
41495,33453,2018-05-08 00:47:33,0,1
41496,33453,2018-05-08 00:48:17,0,1
41498,33453,2018-05-08 00:49:21,0,1
41500,33453,2018-05-08 00:50:26,0,1
41502,33453,2018-05-08 00:51:30,0,1
41504,33453,2018-05-08 00:52:33,0,1
41509,33453,2018-05-08 00:53:39,0,1
41511,33453,2018-05-08 00:54:40,0,1
41513,33453,2018-05-08 00:55:41,0,1
41514,33453,2018-05-08 00:56:42,0,1
41516,33453,2018-05-08 00:57:43,0,1
41517,33453,2018-05-08 00:58:00,0,1
41519,33453,2018-05-08 00:59:03,0,1
41521,33453,2018-05-08 01:00:46,0,1
41522,33453,2018-05-08 01:01:28,0,1
41524,33453,2018-05-08 01:02:33,0,1
41526,33453,2018-05-08 01:03:37,0,1
41528,33453,2018-05-08 01:04:42,0,1
41530,33453,2018-05-08 01:05:47,0,1
41532,33453,2018-05-08 01:06:51,0,1
41534,33453,2018-05-08 01:07:53,0,1
41536,33453,2018-05-08 01:08:54,0,1
41538,33453,2018-05-08 01:09:55,0,1
41539,33453,2018-05-08 01:10:02,0,1
41541,33453,2018-05-08 01:11:06,0,1
41543,33453,2018-05-08 01:12:58,0,1
41544,33453,2018-05-08 01:13:27,0,1
41546,33453,2018-05-08 01:15:00,0,1
41548,33453,2018-05-08 01:16:01,0,1
41550,33453,2018-05-08 01:17:02,0,1
41552,33453,2018-05-08 01:18:03,0,1
41554,33453,2018-05-08 01:19:04,0,1
41556,33453,2018-05-08 01:20:05,0,1
41557,33453,2018-05-08 01:21:01,0,1
41559,33453,2018-05-08 01:22:06,0,1
41561,33453,2018-05-08 01:23:08,0,1
41563,33453,2018-05-08 01:24:09,0,1
41565,33453,2018-05-08 01:25:10,0,1
41566,33453,2018-05-08 01:26:11,0,1
41568,33453,2018-05-08 01:27:12,0,1
41570,33453,2018-05-08 01:28:13,0,1
41572,33453,2018-05-08 01:29:14,0,1
41574,33453,2018-05-08 01:30:15,0,1
41576,33453,2018-05-08 01:31:16,0,1
41578,33453,2018-05-08 01:32:17,0,1
41580,33453,2018-05-08 01:33:18,0,1
41581,33453,2018-05-08 01:34:03,0,1
41583,33453,2018-05-08 01:35:07,0,1
41585,33453,2018-05-08 01:36:11,0,1
41587,33453,2018-05-08 01:37:22,0,1
41588,33453,2018-05-08 01:38:23,0,1
41590,33453,2018-05-08 01:39:24,0,1
41592,33453,2018-05-08 01:40:25,0,1
41594,33453,2018-05-08 01:41:26,0,1
41596,33453,2018-05-08 01:42:27,0,1
41598,33453,2018-05-08 01:43:28,0,1
41599,33453,2018-05-08 01:44:00,0,1
41601,33453,2018-05-08 01:45:04,0,1
41603,33453,2018-05-08 01:46:08,0,1
41605,33453,2018-05-08 01:47:12,0,1
41607,33453,2018-05-08 01:48:16,0,1
41609,33453,2018-05-08 01:49:22,0,1
41611,33453,2018-05-08 01:50:35,0,1
41613,33453,2018-05-08 01:51:36,0,1
41615,33453,2018-05-08 01:52:37,0,1
41617,33453,2018-05-08 01:53:38,0,1
41619,33453,2018-05-08 01:54:39,0,1
41621,33453,2018-05-08 01:55:40,0,1
41622,33453,2018-05-08 01:56:04,0,1
41624,33453,2018-05-08 01:57:09,0,1
41626,33453,2018-05-08 01:58:12,0,1
41628,33453,2018-05-08 02:00:32,0,1
41629,33453,2018-05-08 02:02:47,0,1
41631,33453,2018-05-08 02:03:48,0,1
41633,33453,2018-05-08 02:04:49,0,1
41634,33453,2018-05-08 02:05:01,0,1
41636,33453,2018-05-08 02:06:04,0,1
41638,33453,2018-05-08 02:07:08,0,1
41640,33453,2018-05-08 02:08:12,0,1
41642,33453,2018-05-08 02:09:17,0,1
41644,33453,2018-05-08 02:10:21,0,1
41646,33453,2018-05-08 02:11:26,0,1
41648,33453,2018-05-08 02:12:30,0,1
41650,33453,2018-05-08 02:13:58,0,1
41651,33453,2018-05-08 02:14:49,0,1
41653,33453,2018-05-08 02:15:54,0,1
41654,33453,2018-05-08 02:16:00,0,1
41655,33453,2018-05-08 02:17:01,0,1
41656,33453,2018-05-08 02:18:02,0,1
41658,33453,2018-05-08 02:19:03,0,1
41660,33453,2018-05-08 02:20:04,0,1
41662,33453,2018-05-08 02:21:05,0,1
41664,33453,2018-05-08 02:22:06,0,1
41666,33453,2018-05-08 02:23:07,0,1
41668,33453,2018-05-08 02:24:08,0,1
41670,33453,2018-05-08 02:25:09,0,1
41672,33453,2018-05-08 02:26:10,0,1
41673,33453,2018-05-08 02:27:11,0,1
41675,33453,2018-05-08 02:28:12,0,1
41676,33453,2018-05-08 02:29:00,0,1
41678,33453,2018-05-08 02:30:05,0,1
41680,33453,2018-05-08 02:31:10,0,1
41682,33453,2018-05-08 02:32:13,0,1
41684,33453,2018-05-08 02:33:17,0,1
41686,33453,2018-05-08 02:34:18,0,1
41688,33453,2018-05-08 02:35:19,0,1
41690,33453,2018-05-08 02:36:20,0,1
41692,33453,2018-05-08 02:37:21,0,1
41694,33453,2018-05-08 02:38:21,0,1
41695,33453,2018-05-08 02:39:22,0,1
41697,33453,2018-05-08 02:40:23,0,1
41699,33453,2018-05-08 02:41:24,0,1
41700,33453,2018-05-08 02:42:04,0,1
41702,33453,2018-05-08 02:43:08,0,1
41704,33453,2018-05-08 02:44:12,0,1
41706,33453,2018-05-08 02:45:17,0,1
41708,33453,2018-05-08 02:46:20,0,1
41710,33453,2018-05-08 02:47:30,0,1
41711,33453,2018-05-08 02:48:30,0,1
41713,33453,2018-05-08 02:49:32,0,1
41714,33453,2018-05-08 02:50:33,0,1
41716,33453,2018-05-08 02:51:34,0,1
41717,33453,2018-05-08 02:52:32,0,1
41722,33453,2018-05-08 02:53:36,0,1
41723,33453,2018-05-08 02:54:37,0,1
41724,33453,2018-05-08 02:55:13,0,1
41726,33453,2018-05-08 02:56:18,0,1
41728,33453,2018-05-08 02:57:22,0,1
41730,33453,2018-05-08 02:58:26,0,1
41732,33453,2018-05-08 02:59:31,0,1
41734,33453,2018-05-08 03:00:37,0,1
41736,33453,2018-05-08 03:01:43,0,1
41738,33453,2018-05-08 03:02:45,0,1
41740,33453,2018-05-08 03:03:46,0,1
41742,33453,2018-05-08 03:04:47,0,1
41744,33453,2018-05-08 03:05:48,0,1
41745,33453,2018-05-08 03:06:49,0,1
41746,33453,2018-05-08 03:07:23,0,1
41748,33453,2018-05-08 03:08:26,0,1
41750,33453,2018-05-08 03:09:29,0,1
41752,33453,2018-05-08 03:10:34,0,1
41754,33453,2018-05-08 03:11:37,0,1
41756,33453,2018-05-08 03:12:41,0,1
41758,33453,2018-05-08 03:13:45,0,1
41760,33453,2018-05-08 03:14:50,0,1
41762,33453,2018-05-08 03:15:58,0,1
41763,33453,2018-05-08 03:16:09,0,1
41765,33453,2018-05-08 03:18:00,0,1
41767,33453,2018-05-08 03:19:01,0,1
41768,33453,2018-05-08 03:20:02,0,1
41770,33453,2018-05-08 03:21:03,0,1
41772,33453,2018-05-08 03:22:04,0,1
41774,33453,2018-05-08 03:23:05,0,1
41776,33453,2018-05-08 03:24:06,0,1
41777,33453,2018-05-08 03:25:01,0,1
41779,33453,2018-05-08 03:26:08,0,1
41780,33453,2018-05-08 03:27:09,0,1
41782,33453,2018-05-08 03:28:10,0,1
41784,33453,2018-05-08 03:29:11,0,1
41786,33453,2018-05-08 03:30:12,0,1
41788,33453,2018-05-08 03:31:13,0,1
41790,33453,2018-05-08 03:32:14,0,1
41791,33453,2018-05-08 03:33:15,0,1
41793,33453,2018-05-08 03:34:16,0,1
41795,33453,2018-05-08 03:35:17,0,1
41797,33453,2018-05-08 03:36:18,0,1
41799,33453,2018-05-08 03:37:19,0,1
41800,33453,2018-05-08 03:38:20,0,1
41801,33453,2018-05-08 03:39:04,0,1
41803,33453,2018-05-08 03:40:08,0,1
41805,33453,2018-05-08 03:41:11,0,1
41807,33453,2018-05-08 03:42:15,0,1
41809,33453,2018-05-08 03:43:19,0,1
41811,33453,2018-05-08 03:44:23,0,1
41813,33453,2018-05-08 03:45:27,0,1
41814,33453,2018-05-08 03:46:28,0,1
41816,33453,2018-05-08 03:47:29,0,1
41818,33453,2018-05-08 03:48:30,0,1
41819,33453,2018-05-08 03:49:31,0,1
41821,33453,2018-05-08 03:50:32,0,1
41823,33453,2018-05-08 03:51:33,0,1
41824,33453,2018-05-08 03:52:02,0,1
41826,33453,2018-05-08 03:53:05,0,1
41828,33453,2018-05-08 03:54:08,0,1
41830,33453,2018-05-08 03:55:12,0,1
41832,33453,2018-05-08 03:56:15,0,1
41834,33453,2018-05-08 03:57:19,0,1
41836,33453,2018-05-08 03:58:40,0,1
41837,33453,2018-05-08 03:59:39,0,1
41839,33453,2018-05-08 04:00:42,0,1
41841,33453,2018-05-08 04:01:43,0,1
41843,33453,2018-05-08 04:02:44,0,1
41845,33453,2018-05-08 04:03:45,0,1
41847,33453,2018-05-08 04:04:46,0,1
41849,33453,2018-05-08 04:05:47,0,1
41850,33453,2018-05-08 04:06:01,0,1
41852,33453,2018-05-08 04:07:05,0,1
41854,33453,2018-05-08 04:08:08,0,1
41856,33453,2018-05-08 04:09:12,0,1
41858,33453,2018-05-08 04:10:52,0,1
41859,33453,2018-05-08 04:11:53,0,1
41860,33453,2018-05-08 04:12:37,0,1
41862,33453,2018-05-08 04:13:41,0,1
41864,33453,2018-05-08 04:14:45,0,1
41866,33453,2018-05-08 04:15:48,0,1
41868,33453,2018-05-08 04:16:52,0,1
41870,33453,2018-05-08 04:17:55,0,1
41872,33453,2018-05-08 04:18:59,0,1
41873,33453,2018-05-08 04:19:00,0,1
41874,33453,2018-05-08 04:20:01,0,1
41876,33453,2018-05-08 04:21:02,0,1
41878,33453,2018-05-08 04:22:03,0,1
41879,33453,2018-05-08 04:23:04,0,1
41881,33453,2018-05-08 04:24:05,0,1
41882,33453,2018-05-08 04:25:06,0,1
41884,33453,2018-05-08 04:26:07,0,1
41886,33453,2018-05-08 04:27:08,0,1
41888,33453,2018-05-08 04:28:09,0,1
41890,33453,2018-05-08 04:29:10,0,1
41892,33453,2018-05-08 04:30:11,0,1
41893,33453,2018-05-08 04:31:01,0,1
41895,33453,2018-05-08 04:32:05,0,1
41897,33453,2018-05-08 04:33:08,0,1
41899,33453,2018-05-08 04:34:12,0,1
41901,33453,2018-05-08 04:35:15,0,1
41903,33453,2018-05-08 04:36:17,0,1
41904,33453,2018-05-08 04:37:18,0,1
41906,33453,2018-05-08 04:38:19,0,1
41908,33453,2018-05-08 04:39:20,0,1
41910,33453,2018-05-08 04:40:21,0,1
41912,33453,2018-05-08 04:41:22,0,1
41914,33453,2018-05-08 04:42:23,0,1
41916,33453,2018-05-08 04:43:24,0,1
41918,33453,2018-05-08 04:44:25,0,1
41920,33453,2018-05-08 04:45:26,0,1
41921,33453,2018-05-08 04:46:05,0,1
41923,33453,2018-05-08 04:47:09,0,1
41925,33453,2018-05-08 04:48:29,0,1
41926,33453,2018-05-08 04:49:29,0,1
41928,33453,2018-05-08 04:50:31,0,1
41930,33453,2018-05-08 04:51:32,0,1
41932,33453,2018-05-08 04:52:32,0,1
41937,33453,2018-05-08 04:53:34,0,1
41939,33453,2018-05-08 04:54:35,0,1
41941,33453,2018-05-08 04:55:36,0,1
41943,33453,2018-05-08 04:56:37,0,1
41945,33453,2018-05-08 04:57:38,0,1
41946,33453,2018-05-08 04:58:02,0,1
41948,33453,2018-05-08 04:59:05,0,1
41950,33453,2018-05-08 05:00:08,0,1
41952,33453,2018-05-08 05:01:29,0,1
41954,33453,2018-05-08 05:02:33,0,1
41956,33453,2018-05-08 05:03:37,0,1
41958,33453,2018-05-08 05:04:41,0,1
41960,33453,2018-05-08 05:05:44,0,1
41962,33453,2018-05-08 05:06:47,0,1
41963,33453,2018-05-08 05:07:48,0,1
41965,33453,2018-05-08 05:08:49,0,1
41967,33453,2018-05-08 05:09:50,0,1
41968,33453,2018-05-08 05:10:02,0,1
41970,33453,2018-05-08 05:11:52,0,1
41971,33453,2018-05-08 05:12:12,0,1
41973,33453,2018-05-08 05:13:16,0,1
41975,33453,2018-05-08 05:14:20,0,1
41977,33453,2018-05-08 05:15:41,0,1
41979,33453,2018-05-08 05:16:44,0,1
41981,33453,2018-05-08 05:17:48,0,1
41983,33453,2018-05-08 05:18:52,0,1
41985,33453,2018-05-08 05:19:56,0,1
41986,33453,2018-05-08 05:20:00,0,1
41987,33453,2018-05-08 05:21:01,0,1
41988,33453,2018-05-08 05:22:02,0,1
41990,33453,2018-05-08 05:23:03,0,1
41992,33453,2018-05-08 05:24:04,0,1
41994,33453,2018-05-08 05:25:05,0,1
41995,33453,2018-05-08 05:26:06,0,1
41997,33453,2018-05-08 05:27:07,0,1
41999,33453,2018-05-08 05:28:08,0,1
42000,33453,2018-05-08 05:29:09,0,1
42002,33453,2018-05-08 05:30:10,0,1
42004,33453,2018-05-08 05:31:11,0,1
42005,33453,2018-05-08 05:32:01,0,1
42007,33453,2018-05-08 05:33:04,0,1
42009,33453,2018-05-08 05:34:08,0,1
42011,33453,2018-05-08 05:35:12,0,1
42013,33453,2018-05-08 05:36:16,0,1
42015,33453,2018-05-08 05:37:17,0,1
42017,33453,2018-05-08 05:38:18,0,1
42018,33453,2018-05-08 05:39:19,0,1
42020,33453,2018-05-08 05:40:20,0,1
42022,33453,2018-05-08 05:41:21,0,1
42023,33453,2018-05-08 05:42:22,0,1
42024,33453,2018-05-08 05:43:23,0,1
42025,33453,2018-05-08 05:44:04,0,1
42027,33453,2018-05-08 05:45:07,0,1
42029,33453,2018-05-08 05:46:26,0,1
42030,33453,2018-05-08 05:47:27,0,1
42031,33453,2018-05-08 05:48:23,0,1
42033,33453,2018-05-08 05:49:27,0,1
42035,33453,2018-05-08 05:50:30,0,1
42037,33453,2018-05-08 05:51:31,0,1
42039,33453,2018-05-08 05:52:32,0,1
42041,33453,2018-05-08 05:53:33,0,1
42043,33453,2018-05-08 05:54:34,0,1
42045,33453,2018-05-08 05:55:35,0,1
42047,33453,2018-05-08 05:56:36,0,1
42048,33453,2018-05-08 05:57:37,0,1
42049,33453,2018-05-08 05:58:10,0,1
42051,33453,2018-05-08 06:00:29,0,1
42052,33453,2018-05-08 06:01:33,0,1
42053,33453,2018-05-08 06:02:37,0,1
42055,33453,2018-05-08 06:03:41,0,1
42057,33453,2018-05-08 06:04:44,0,1
42059,33453,2018-05-08 06:05:45,0,1
42061,33453,2018-05-08 06:06:46,0,1
42063,33453,2018-05-08 06:07:47,0,1
42065,33453,2018-05-08 06:08:48,0,1
42066,33453,2018-05-08 06:09:49,0,1
42067,33453,2018-05-08 06:10:15,0,1
42069,33453,2018-05-08 06:11:18,0,1
42071,33453,2018-05-08 06:12:21,0,1
42073,33453,2018-05-08 06:13:25,0,1
42075,33453,2018-05-08 06:14:28,0,1
42077,33453,2018-05-08 06:15:33,0,1
42079,33453,2018-05-08 06:16:37,0,1
42081,33453,2018-05-08 06:17:41,0,1
42083,33453,2018-05-08 06:18:58,0,1
42084,33453,2018-05-08 06:19:50,0,1
42086,33453,2018-05-08 06:20:54,0,1
42087,33453,2018-05-08 06:21:00,0,1
42089,33453,2018-05-08 06:22:01,0,1
42090,33453,2018-05-08 06:23:02,0,1
42092,33453,2018-05-08 06:24:03,0,1
42094,33453,2018-05-08 06:25:04,0,1
42096,33453,2018-05-08 06:26:05,0,1
42098,33453,2018-05-08 06:27:06,0,1
42100,33453,2018-05-08 06:28:07,0,1
42102,33453,2018-05-08 06:29:08,0,1
42104,33453,2018-05-08 06:30:09,0,1
42106,33453,2018-05-08 06:31:10,0,1
42108,33453,2018-05-08 06:32:11,0,1
42110,33453,2018-05-08 06:33:12,0,1
42111,33453,2018-05-08 06:34:13,0,1
42112,33453,2018-05-08 06:35:14,0,1
42113,33453,2018-05-08 06:36:15,0,1
42115,33453,2018-05-08 06:37:16,0,1
42117,33453,2018-05-08 06:38:17,0,1
42119,33453,2018-05-08 06:39:18,0,1
42121,33453,2018-05-08 06:40:19,0,1
42123,33453,2018-05-08 06:41:20,0,1
42125,33453,2018-05-08 06:42:21,0,1
42127,33453,2018-05-08 06:43:22,0,1
42129,33453,2018-05-08 06:44:23,0,1
42131,33453,2018-05-08 06:45:24,0,1
42133,33453,2018-05-08 06:46:25,0,1
42134,33453,2018-05-08 06:47:26,0,1
42135,33453,2018-05-08 06:48:09,0,1
42137,33453,2018-05-08 06:49:13,0,1
42139,33453,2018-05-08 06:50:29,0,1
42140,33453,2018-05-08 06:51:23,0,1
42142,33453,2018-05-08 06:52:27,0,1
42147,33453,2018-05-08 06:53:32,0,1
42148,33453,2018-05-08 06:54:33,0,1
42150,33453,2018-05-08 06:55:34,0,1
42152,33453,2018-05-08 06:56:35,0,1
42154,33453,2018-05-08 06:57:36,0,1
42155,33453,2018-05-08 06:58:37,0,1
42157,33453,2018-05-08 06:59:38,0,1
42159,33453,2018-05-08 07:00:39,0,1
42160,33453,2018-05-08 07:01:02,0,1
42162,33453,2018-05-08 07:02:41,0,1
42163,33453,2018-05-08 07:03:21,0,1
42165,33453,2018-05-08 07:04:43,0,1
42166,33453,2018-05-08 07:05:31,0,1
42168,33453,2018-05-08 07:06:34,0,1
42170,33453,2018-05-08 07:07:38,0,1
42172,33453,2018-05-08 07:08:42,0,1
42174,33453,2018-05-08 07:09:45,0,1
42176,33453,2018-05-08 07:10:49,0,1
42178,33453,2018-05-08 07:11:50,0,1
42180,33453,2018-05-08 07:12:51,0,1
42182,33453,2018-05-08 07:13:52,0,1
42183,33453,2018-05-08 07:14:00,0,1
42185,33453,2018-05-08 07:15:54,0,1
42186,33453,2018-05-08 07:16:24,0,1
42188,33453,2018-05-08 07:17:27,0,1
42190,33453,2018-05-08 07:18:30,0,1
42192,33453,2018-05-08 07:19:34,0,1
42194,33453,2018-05-08 07:20:37,0,1
42196,33453,2018-05-08 07:21:41,0,1
42197,33453,2018-05-08 07:22:00,0,1
42199,33453,2018-05-08 07:23:01,0,1
42201,33453,2018-05-08 07:24:02,0,1
42203,33453,2018-05-08 07:25:03,0,1
42205,33453,2018-05-08 07:26:04,0,1
42206,33453,2018-05-08 07:27:05,0,1
42207,33453,2018-05-08 07:28:06,0,1
42209,33453,2018-05-08 07:29:07,0,1
42211,33453,2018-05-08 07:30:08,0,1
42213,33453,2018-05-08 07:31:09,0,1
42215,33453,2018-05-08 07:32:10,0,1
42217,33453,2018-05-08 07:33:11,0,1
42219,33453,2018-05-08 07:34:12,0,1
42221,33453,2018-05-08 07:35:13,0,1
42223,33453,2018-05-08 07:36:14,0,1
42225,33453,2018-05-08 07:37:15,0,1
42227,33453,2018-05-08 07:38:15,0,1
42228,33453,2018-05-08 07:39:16,0,1
42229,33453,2018-05-08 07:40:17,0,1
42231,33453,2018-05-08 07:41:18,0,1
42233,33453,2018-05-08 07:42:19,0,1
42235,33453,2018-05-08 07:43:20,0,1
42237,33453,2018-05-08 07:44:21,0,1
42239,33453,2018-05-08 07:45:22,0,1
42241,33453,2018-05-08 07:46:23,0,1
42243,33453,2018-05-08 07:47:24,0,1
42245,33453,2018-05-08 07:48:25,0,1
42247,33453,2018-05-08 07:49:26,0,1
42249,33453,2018-05-08 07:50:27,0,1
42250,33453,2018-05-08 07:51:28,0,1
42251,33453,2018-05-08 07:52:15,0,1
42253,33453,2018-05-08 07:53:19,0,1
42255,33453,2018-05-08 07:54:24,0,1
42257,33453,2018-05-08 07:55:28,0,1
42259,33453,2018-05-08 07:56:31,0,1
42261,33453,2018-05-08 07:57:34,0,1
42263,33453,2018-05-08 07:58:35,0,1
42265,33453,2018-05-08 07:59:36,0,1
42267,33453,2018-05-08 08:00:37,0,1
42269,33453,2018-05-08 08:01:38,0,1
42271,33453,2018-05-08 08:02:39,0,1
42272,33453,2018-05-08 08:03:40,0,1
42273,33453,2018-05-08 08:04:13,0,1
42275,33453,2018-05-08 08:05:16,0,1
42277,33453,2018-05-08 08:06:20,0,1
42279,33453,2018-05-08 08:07:24,0,1
42281,33453,2018-05-08 08:08:27,0,1
42283,33453,2018-05-08 08:09:32,0,1
42285,33453,2018-05-08 08:10:36,0,1
42287,33453,2018-05-08 08:11:39,0,1
42289,33453,2018-05-08 08:12:43,0,1
42291,33453,2018-05-08 08:13:47,0,1
42293,33453,2018-05-08 08:14:51,0,1
42294,33453,2018-05-08 08:15:52,0,1
42295,33453,2018-05-08 08:16:07,0,1
42297,33453,2018-05-08 08:17:11,0,1
42299,33453,2018-05-08 08:18:15,0,1
42301,33453,2018-05-08 08:19:19,0,1
42303,33453,2018-05-08 08:20:23,0,1
42305,33453,2018-05-08 08:21:26,0,1
42307,33453,2018-05-08 08:22:59,0,1
42308,33453,2018-05-08 08:23:35,0,1
42309,33453,2018-05-08 08:24:00,0,1
42311,33453,2018-05-08 08:25:01,0,1
42313,33453,2018-05-08 08:26:02,0,1
42315,33453,2018-05-08 08:27:03,0,1
42316,33453,2018-05-08 08:28:04,0,1
42317,33453,2018-05-08 08:29:05,0,1
42319,33453,2018-05-08 08:30:06,0,1
42321,33453,2018-05-08 08:31:07,0,1
42323,33453,2018-05-08 08:32:08,0,1
42325,33453,2018-05-08 08:33:09,0,1
42327,33453,2018-05-08 08:34:10,0,1
42329,33453,2018-05-08 08:35:11,0,1
42331,33453,2018-05-08 08:36:12,0,1
42333,33453,2018-05-08 08:37:13,0,1
42335,33453,2018-05-08 08:38:14,0,1
42337,33453,2018-05-08 08:39:15,0,1
42338,33453,2018-05-08 08:40:16,0,1
42339,33453,2018-05-08 08:41:02,0,1
42341,33453,2018-05-08 08:42:06,0,1
42343,33453,2018-05-08 08:43:09,0,1
42345,33453,2018-05-08 08:44:13,0,1
42347,33453,2018-05-08 08:45:21,0,1
42348,33453,2018-05-08 08:46:22,0,1
42350,33453,2018-05-08 08:47:23,0,1
42352,33453,2018-05-08 08:48:24,0,1
42354,33453,2018-05-08 08:49:25,0,1
42356,33453,2018-05-08 08:50:26,0,1
42358,33453,2018-05-08 08:51:27,0,1
42360,33453,2018-05-08 08:52:28,0,1
42364,33453,2018-05-08 08:53:29,0,1
42365,33453,2018-05-08 08:54:08,0,1
42367,33453,2018-05-08 08:55:12,0,1
42369,33453,2018-05-08 08:56:15,0,1
42371,33453,2018-05-08 08:57:19,0,1
42373,33453,2018-05-08 08:58:23,0,1
42375,33453,2018-05-08 08:59:26,0,1
42377,33453,2018-05-08 09:00:30,0,1
42379,33453,2018-05-08 09:01:33,0,1
42381,33453,2018-05-08 09:02:37,0,1
42383,33453,2018-05-08 09:03:39,0,1
42385,33453,2018-05-08 09:04:40,0,1
42386,33453,2018-05-08 09:05:41,0,1
42387,33453,2018-05-08 09:06:00,0,1
42389,33453,2018-05-08 09:07:04,0,1
42391,33453,2018-05-08 09:08:08,0,1
42393,33453,2018-05-08 09:09:12,0,1
42395,33453,2018-05-08 09:10:15,0,1
42397,33453,2018-05-08 09:11:19,0,1
42399,33453,2018-05-08 09:12:22,0,1
42401,33453,2018-05-08 09:13:25,0,1
42403,33453,2018-05-08 09:14:50,0,1
42404,33453,2018-05-08 09:15:36,0,1
42406,33453,2018-05-08 09:16:40,0,1
42408,33453,2018-05-08 09:17:53,0,1
42409,33453,2018-05-08 09:18:54,0,1
42411,33453,2018-05-08 09:19:55,0,1
42412,33453,2018-05-08 09:20:03,0,1
42414,33453,2018-05-08 09:21:10,0,1
42416,33453,2018-05-08 09:22:13,0,1
42418,33453,2018-05-08 09:23:17,0,1
42420,33453,2018-05-08 09:24:22,0,1
42421,33453,2018-05-08 09:25:00,0,1
42423,33453,2018-05-08 09:26:01,0,1
42425,33453,2018-05-08 09:27:02,0,1
42427,33453,2018-05-08 09:28:03,0,1
42429,33453,2018-05-08 09:29:04,0,1
42430,33453,2018-05-08 09:30:05,0,1
42432,33453,2018-05-08 09:31:06,0,1
42433,33453,2018-05-08 09:32:00,0,1
42435,33453,2018-05-08 09:33:04,0,1
42437,33453,2018-05-08 09:34:09,0,1
42439,33453,2018-05-08 09:35:10,0,1
42440,33453,2018-05-08 09:36:11,0,1
42442,33453,2018-05-08 09:37:12,0,1
42444,33453,2018-05-08 09:38:13,0,1
42446,33453,2018-05-08 09:39:14,0,1
42448,33453,2018-05-08 09:40:15,0,1
42450,33453,2018-05-08 09:41:16,0,1
42452,33453,2018-05-08 09:42:17,0,1
42453,33453,2018-05-08 09:43:18,0,1
42455,33453,2018-05-08 09:44:19,0,1
42456,33453,2018-05-08 09:45:00,0,1
42458,33453,2018-05-08 09:46:04,0,1
42460,33453,2018-05-08 09:47:08,0,1
42462,33453,2018-05-08 09:48:11,0,1
42464,33453,2018-05-08 09:49:15,0,1
42466,33453,2018-05-08 09:50:19,0,1
42468,33453,2018-05-08 09:51:22,0,1
42470,33453,2018-05-08 09:52:27,0,1
42471,33453,2018-05-08 09:53:28,0,1
42473,33453,2018-05-08 09:54:29,0,1
42475,33453,2018-05-08 09:55:30,0,1
42476,33453,2018-05-08 09:56:31,0,1
42478,33453,2018-05-08 09:57:32,0,1
42479,33453,2018-05-08 09:58:02,0,1
42481,33453,2018-05-08 10:00:19,0,1
42482,33453,2018-05-08 10:01:23,0,1
42483,33453,2018-05-08 10:02:37,0,1
42484,33453,2018-05-08 10:03:33,0,1
42486,33453,2018-05-08 10:04:37,0,1
42488,33453,2018-05-08 10:05:40,0,1
42490,33453,2018-05-08 10:06:41,0,1
42492,33453,2018-05-08 10:07:42,0,1
42493,33453,2018-05-08 10:08:43,0,1
42495,33453,2018-05-08 10:09:44,0,1
42496,33453,2018-05-08 10:10:45,0,1
42497,33453,2018-05-08 10:11:19,0,1
42499,33453,2018-05-08 10:12:22,0,1
42501,33453,2018-05-08 10:13:26,0,1
42503,33453,2018-05-08 10:14:30,0,1
42505,33453,2018-05-08 10:15:50,0,1
42506,33453,2018-05-08 10:16:40,0,1
42508,33453,2018-05-08 10:17:52,0,1
42509,33453,2018-05-08 10:18:50,0,1
42511,33453,2018-05-08 10:19:54,0,1
42513,33453,2018-05-08 10:20:55,0,1
42515,33453,2018-05-08 10:21:56,0,1
42516,33453,2018-05-08 10:22:01,0,1
42518,33453,2018-05-08 10:23:06,0,1
42520,33453,2018-05-08 10:24:59,0,1
42521,33453,2018-05-08 10:25:26,0,1
42522,33453,2018-05-08 10:26:00,0,1
42524,33453,2018-05-08 10:27:01,0,1
42526,33453,2018-05-08 10:28:02,0,1
42528,33453,2018-05-08 10:29:03,0,1
42530,33453,2018-05-08 10:30:04,0,1
42532,33453,2018-05-08 10:31:05,0,1
42534,33453,2018-05-08 10:32:06,0,1
42536,33453,2018-05-08 10:33:07,0,1
42538,33453,2018-05-08 10:34:08,0,1
42539,33453,2018-05-08 10:35:02,0,1
42541,33453,2018-05-08 10:36:10,0,1
42542,33453,2018-05-08 10:37:11,0,1
42544,33453,2018-05-08 10:38:12,0,1
42546,33453,2018-05-08 10:39:13,0,1
42548,33453,2018-05-08 10:40:14,0,1
42550,33453,2018-05-08 10:41:15,0,1
42552,33453,2018-05-08 10:42:16,0,1
42554,33453,2018-05-08 10:43:17,0,1
42556,33453,2018-05-08 10:44:18,0,1
42558,33453,2018-05-08 10:45:19,0,1
42560,33453,2018-05-08 10:46:20,0,1
42562,33453,2018-05-08 10:47:21,0,1
42563,33453,2018-05-08 10:48:22,0,1
42564,33453,2018-05-08 10:49:20,0,1
42566,33453,2018-05-08 10:50:24,0,1
42568,33453,2018-05-08 10:51:25,0,1
42570,33453,2018-05-08 10:52:26,0,1
42575,33453,2018-05-08 10:53:27,0,1
42576,33453,2018-05-08 10:54:28,0,1
42578,33453,2018-05-08 10:55:29,0,1
42580,33453,2018-05-08 10:56:30,0,1
42582,33453,2018-05-08 10:57:31,0,1
42584,33453,2018-05-08 10:58:32,0,1
42586,33453,2018-05-08 10:59:33,0,1
42587,33453,2018-05-08 11:00:00,0,1
42589,33453,2018-05-08 11:01:35,0,1
42590,33453,2018-05-08 11:02:19,0,1
42592,33453,2018-05-08 11:03:23,0,1
42594,33453,2018-05-08 11:04:28,0,1
42596,33453,2018-05-08 11:05:31,0,1
42598,33453,2018-05-08 11:06:35,0,1
42600,33453,2018-05-08 11:07:38,0,1
42602,33453,2018-05-08 11:08:42,0,1
42604,33453,2018-05-08 11:09:43,0,1
42606,33453,2018-05-08 11:10:44,0,1
42608,33453,2018-05-08 11:11:45,0,1
42610,33453,2018-05-08 11:12:46,0,1
42611,33453,2018-05-08 11:13:47,0,1
42612,33453,2018-05-08 11:14:13,0,1
42614,33453,2018-05-08 11:15:16,0,1
42616,33453,2018-05-08 11:16:19,0,1
42618,33453,2018-05-08 11:17:25,0,1
42620,33453,2018-05-08 11:18:29,0,1
42622,33453,2018-05-08 11:19:33,0,1
42624,33453,2018-05-08 11:20:37,0,1
42626,33453,2018-05-08 11:21:42,0,1
42628,33453,2018-05-08 11:22:46,0,1
42630,33453,2018-05-08 11:23:50,0,1
42632,33453,2018-05-08 11:24:58,0,1
42633,33453,2018-05-08 11:25:59,0,1
42634,33453,2018-05-08 11:26:08,0,1
42635,33453,2018-05-08 11:27:00,0,1
42637,33453,2018-05-08 11:28:01,0,1
42639,33453,2018-05-08 11:29:02,0,1
42641,33453,2018-05-08 11:30:03,0,1
42643,33453,2018-05-08 11:31:04,0,1
42645,33453,2018-05-08 11:32:05,0,1
42647,33453,2018-05-08 11:33:06,0,1
42649,33453,2018-05-08 11:34:07,0,1
42650,33453,2018-05-08 11:35:08,0,1
42652,33453,2018-05-08 11:36:09,0,1
42654,33453,2018-05-08 11:37:10,0,1
42655,33453,2018-05-08 11:38:10,0,1
42656,33453,2018-05-08 11:39:09,0,1
42658,33453,2018-05-08 11:40:12,0,1
42660,33453,2018-05-08 11:41:13,0,1
42662,33453,2018-05-08 11:42:14,0,1
42663,33453,2018-05-08 11:43:15,0,1
42664,33453,2018-05-08 11:44:16,0,1
42666,33453,2018-05-08 11:45:17,0,1
42668,33453,2018-05-08 11:46:18,0,1
42670,33453,2018-05-08 11:47:19,0,1
42672,33453,2018-05-08 11:48:20,0,1
42674,33453,2018-05-08 11:49:21,0,1
42676,33453,2018-05-08 11:50:22,0,1
42678,33453,2018-05-08 11:51:23,0,1
42679,33453,2018-05-08 11:52:01,0,1
42681,33453,2018-05-08 11:53:25,0,1
42683,33453,2018-05-08 11:54:26,0,1
42685,33453,2018-05-08 11:55:27,0,1
42687,33453,2018-05-08 11:56:28,0,1
42689,33453,2018-05-08 11:57:29,0,1
42691,33453,2018-05-08 11:58:30,0,1
42692,33453,2018-05-08 11:59:05,0,1
42694,33453,2018-05-08 12:00:09,0,1
42696,33453,2018-05-08 12:01:13,0,1
42698,33453,2018-05-08 12:02:18,0,1
42700,33453,2018-05-08 12:03:21,0,1
42702,33453,2018-05-08 12:04:36,0,1
42703,33453,2018-05-08 12:05:37,0,1
42705,33453,2018-05-08 12:06:38,0,1
42707,33453,2018-05-08 12:07:39,0,1
42709,33453,2018-05-08 12:08:40,0,1
42710,33453,2018-05-08 12:09:00,0,1
42712,33453,2018-05-08 12:10:04,0,1
42714,33453,2018-05-08 12:11:43,0,1
42715,33453,2018-05-08 12:12:13,0,1
42717,33453,2018-05-08 12:13:17,0,1
42719,33453,2018-05-08 12:14:25,0,1
42721,33453,2018-05-08 12:15:29,0,1
42723,33453,2018-05-08 12:16:33,0,1
42725,33453,2018-05-08 12:17:49,0,1
42726,33453,2018-05-08 12:18:50,0,1
42728,33453,2018-05-08 12:19:51,0,1
42729,33453,2018-05-08 12:20:59,0,1
42730,33453,2018-05-08 12:21:53,0,1
42731,33453,2018-05-08 12:22:03,0,1
42733,33453,2018-05-08 12:23:07,0,1
42735,33453,2018-05-08 12:24:11,0,1
42737,33453,2018-05-08 12:25:14,0,1
42739,33453,2018-05-08 12:26:18,0,1
42741,33453,2018-05-08 12:27:21,0,1
42743,33453,2018-05-08 12:28:26,0,1
42744,33453,2018-05-08 12:29:00,0,1
42745,33453,2018-05-08 12:30:01,0,1
42746,33453,2018-05-08 12:31:02,0,1
42747,33453,2018-05-08 12:32:03,0,1
42748,33453,2018-05-08 12:33:04,0,1
42749,33453,2018-05-08 12:34:05,0,1
42750,33453,2018-05-08 12:35:06,0,1
42751,33453,2018-05-08 12:36:07,0,1
42752,33453,2018-05-08 12:37:08,0,1
42753,33453,2018-05-08 12:38:09,0,1
42754,33453,2018-05-08 12:39:10,0,1
42755,33453,2018-05-08 12:40:11,0,1
42756,33453,2018-05-08 12:41:12,0,1
42757,33453,2018-05-08 12:42:13,0,1
42758,33453,2018-05-08 12:43:14,0,1
42759,33453,2018-05-08 12:44:15,0,1
42760,33453,2018-05-08 12:45:16,0,1
42761,33453,2018-05-08 12:46:17,0,1
42762,33453,2018-05-08 12:47:18,0,1
42763,33453,2018-05-08 12:48:19,0,1
42764,33453,2018-05-08 12:49:20,0,1
42765,33453,2018-05-08 12:50:21,0,1
42766,33453,2018-05-08 12:51:22,0,1
42767,33453,2018-05-08 12:52:23,0,1
42771,33453,2018-05-08 12:53:24,0,1
42772,33453,2018-05-08 12:54:25,0,1
42773,33453,2018-05-08 12:55:26,0,1
42774,33453,2018-05-08 12:56:27,0,1
42775,33453,2018-05-08 12:57:28,0,1
42776,33453,2018-05-08 12:58:29,0,1
42777,33453,2018-05-08 12:59:30,0,1
42778,33453,2018-05-08 13:00:31,0,1
42779,33453,2018-05-08 13:01:32,0,1
42780,33453,2018-05-08 13:02:33,0,1
42781,33453,2018-05-08 13:03:34,0,1
42782,33453,2018-05-08 13:04:35,0,1
42783,33453,2018-05-08 13:05:36,0,1
42784,33453,2018-05-08 13:06:37,0,1
42785,33453,2018-05-08 13:07:38,0,1
42786,33453,2018-05-08 13:08:39,0,1
42787,33453,2018-05-08 13:09:40,0,1
42788,33453,2018-05-08 13:10:41,0,1
42789,33453,2018-05-08 13:11:42,0,1
42790,33453,2018-05-08 13:12:43,0,1
42791,33453,2018-05-08 13:13:44,0,1
42792,33453,2018-05-08 13:14:45,0,1
42793,33453,2018-05-08 13:15:46,0,1
42794,33453,2018-05-08 13:16:47,0,1
42795,33453,2018-05-08 13:17:48,0,1
42796,33453,2018-05-08 13:18:49,0,1
42797,33453,2018-05-08 13:19:50,0,1
42798,33453,2018-05-08 13:20:51,0,1
42799,33453,2018-05-08 13:21:52,0,1
42800,33453,2018-05-08 13:22:53,0,1
42801,33453,2018-05-08 13:23:54,0,1
42802,33453,2018-05-08 13:24:55,0,1
42803,33453,2018-05-08 13:25:56,0,1
42804,33453,2018-05-08 13:26:57,0,1
42805,33453,2018-05-08 13:27:58,0,1
42806,33453,2018-05-08 13:28:59,0,1
42807,33453,2018-05-08 13:30:00,0,1
42808,33453,2018-05-08 13:31:01,0,1
42809,33453,2018-05-08 13:32:02,0,1
42810,33453,2018-05-08 13:33:03,0,1
42811,33453,2018-05-08 13:34:04,0,1
42812,33453,2018-05-08 13:35:05,0,1
42813,33453,2018-05-08 13:36:06,0,1
42814,33453,2018-05-08 13:37:07,0,1
42815,33453,2018-05-08 13:38:08,0,1
42816,33453,2018-05-08 13:39:09,0,1
42817,33453,2018-05-08 13:40:10,0,1
42818,33453,2018-05-08 13:41:11,0,1
42819,33453,2018-05-08 13:42:12,0,1
42820,33453,2018-05-08 13:43:13,0,1
42821,33453,2018-05-08 13:44:14,0,1
42822,33453,2018-05-08 13:45:15,0,1
42823,33453,2018-05-08 13:46:16,0,1
42824,33453,2018-05-08 13:47:17,0,1
42825,33453,2018-05-08 13:48:18,0,1
42826,33453,2018-05-08 13:49:19,0,1
42827,33453,2018-05-08 13:50:20,0,1
42828,33453,2018-05-08 13:51:21,0,1
42829,33453,2018-05-08 13:52:22,0,1
42830,33453,2018-05-08 13:53:23,0,1
42831,33453,2018-05-08 13:54:24,0,1
42832,33453,2018-05-08 13:55:25,0,1
42833,33453,2018-05-08 13:56:26,0,1
42834,33453,2018-05-08 13:57:27,0,1
42835,33453,2018-05-08 13:58:28,0,1
42836,33453,2018-05-08 14:02:32,0,1
42837,33453,2018-05-08 14:03:33,0,1
42838,33453,2018-05-08 14:04:34,0,1
42839,33453,2018-05-08 14:05:35,0,1
42840,33453,2018-05-08 14:06:36,0,1
42841,33453,2018-05-08 14:07:37,0,1
42842,33453,2018-05-08 14:08:38,0,1
42843,33453,2018-05-08 14:09:39,0,1
42844,33453,2018-05-08 14:10:40,0,1
42845,33453,2018-05-08 14:11:41,0,1
42848,33453,2018-05-08 14:12:05,1,0
42850,33457,2018-05-08 14:13:52,1,0
42851,33458,2018-05-08 14:14:53,1,0
42852,33460,2018-05-08 14:15:54,1,0
42853,33462,2018-05-08 14:16:55,1,0
42854,33464,2018-05-08 14:17:56,1,0
42855,33466,2018-05-08 14:18:57,1,0
42856,33469,2018-05-08 14:19:58,1,0
42857,33471,2018-05-08 14:20:59,1,0
42858,33472,2018-05-08 14:22:00,1,0
42859,33474,2018-05-08 14:23:01,1,0
42860,33476,2018-05-08 14:24:02,1,0
42861,33478,2018-05-08 14:25:03,1,0
42862,33479,2018-05-08 14:26:04,1,0
42863,33481,2018-05-08 14:27:05,1,0
42864,33483,2018-05-08 14:28:06,1,0
42865,33485,2018-05-08 14:29:07,1,0
42867,33487,2018-05-08 14:30:05,0,1
42869,33487,2018-05-08 14:31:18,0,1
42870,33487,2018-05-08 14:32:19,0,1
42871,33487,2018-05-08 14:33:20,0,1
42872,33487,2018-05-08 14:34:21,0,1
42873,33487,2018-05-08 14:35:22,0,1
42874,33487,2018-05-08 14:36:23,0,1
42875,33487,2018-05-08 14:37:24,0,1
42876,33487,2018-05-08 14:38:25,0,1
42877,33487,2018-05-08 14:39:26,0,1
42878,33487,2018-05-08 14:40:27,0,1
42879,33487,2018-05-08 14:41:28,0,1
42880,33487,2018-05-08 14:42:29,0,1
42881,33487,2018-05-08 14:43:30,0,1
42882,33487,2018-05-08 14:44:31,0,1
42883,33487,2018-05-08 14:45:32,0,1
42884,33487,2018-05-08 14:46:33,0,1
42885,33487,2018-05-08 14:47:34,0,1
42886,33487,2018-05-08 14:48:35,0,1
42887,33487,2018-05-08 14:49:36,0,1
42888,33487,2018-05-08 14:50:37,0,1
42889,33487,2018-05-08 14:51:38,0,1
42890,33487,2018-05-08 14:52:30,0,1
42894,33487,2018-05-08 14:53:40,0,1
42895,33487,2018-05-08 14:54:41,0,1
42896,33487,2018-05-08 14:55:42,0,1
42897,33487,2018-05-08 14:56:43,0,1
42898,33487,2018-05-08 14:57:44,0,1
42899,33487,2018-05-08 14:58:45,0,1
42900,33487,2018-05-08 14:59:46,0,1
42901,33487,2018-05-08 15:00:47,0,1
42902,33487,2018-05-08 15:01:48,0,1
42903,33487,2018-05-08 15:02:49,0,1
42904,33487,2018-05-08 15:03:50,0,1
42905,33487,2018-05-08 15:04:51,0,1
42906,33487,2018-05-08 15:05:52,0,1
42907,33487,2018-05-08 15:06:53,0,1
42908,33487,2018-05-08 15:07:54,0,1
42909,33487,2018-05-08 15:08:55,0,1
42910,33487,2018-05-08 15:09:56,0,1
42911,33487,2018-05-08 15:10:57,0,1
42912,33487,2018-05-08 15:11:58,0,1
42913,33487,2018-05-08 15:12:59,0,1
42914,33487,2018-05-08 15:14:00,0,1
42915,33487,2018-05-08 15:15:01,0,1
42916,33487,2018-05-08 15:16:02,0,1
42917,33487,2018-05-08 15:17:03,0,1
42918,33487,2018-05-08 15:18:04,0,1
42919,33487,2018-05-08 15:19:05,0,1
42920,33487,2018-05-08 15:20:06,0,1
42921,33487,2018-05-08 15:21:07,0,1
42922,33487,2018-05-08 15:22:08,0,1
42923,33487,2018-05-08 15:23:09,0,1
42924,33487,2018-05-08 15:24:10,0,1
42925,33487,2018-05-08 15:25:11,0,1
42926,33487,2018-05-08 15:26:12,0,1
42927,33487,2018-05-08 15:27:13,0,1
42928,33487,2018-05-08 15:28:14,0,1
42929,33487,2018-05-08 15:29:15,0,1
42930,33487,2018-05-08 15:30:16,0,1
42931,33487,2018-05-08 15:31:17,0,1
42932,33487,2018-05-08 15:32:18,0,1
42933,33487,2018-05-08 15:33:19,0,1
42934,33487,2018-05-08 15:34:20,0,1
42935,33487,2018-05-08 15:35:21,0,1
42936,33487,2018-05-08 15:36:22,0,1
42937,33487,2018-05-08 15:37:23,0,1
42938,33487,2018-05-08 15:38:23,0,1
42939,33487,2018-05-08 15:39:24,0,1
42940,33487,2018-05-08 15:40:25,0,1
42941,33487,2018-05-08 15:41:26,0,1
42942,33487,2018-05-08 15:42:27,0,1
42943,33487,2018-05-08 15:43:28,0,1
42944,33487,2018-05-08 15:44:29,0,1
42945,33487,2018-05-08 15:45:30,0,1
42946,33487,2018-05-08 15:46:31,0,1
42947,33487,2018-05-08 15:47:32,0,1
42948,33487,2018-05-08 15:48:33,0,1
42949,33487,2018-05-08 15:49:34,0,1
42950,33487,2018-05-08 15:50:35,0,1
42951,33487,2018-05-08 15:51:36,0,1
42952,33487,2018-05-08 15:52:37,0,1
42953,33487,2018-05-08 15:53:38,0,1
42954,33487,2018-05-08 15:54:39,0,1
42955,33487,2018-05-08 15:55:40,0,1
42956,33487,2018-05-08 15:56:41,0,1
42957,33487,2018-05-08 15:57:42,0,1
42958,33487,2018-05-08 15:58:43,0,1
42959,33487,2018-05-08 15:59:44,0,1
42960,33487,2018-05-08 16:00:45,0,1
42961,33487,2018-05-08 16:01:46,0,1
42962,33487,2018-05-08 16:02:47,0,1
42963,33487,2018-05-08 16:03:48,0,1
42964,33487,2018-05-08 16:04:49,0,1
42965,33487,2018-05-08 16:05:50,0,1
42966,33487,2018-05-08 16:06:51,0,1
42967,33487,2018-05-08 16:07:52,0,1
42968,33487,2018-05-08 16:08:53,0,1
42969,33487,2018-05-08 16:09:54,0,1
42970,33487,2018-05-08 16:10:55,0,1
42971,33487,2018-05-08 16:11:56,0,1
42972,33487,2018-05-08 16:12:57,0,1
42973,33487,2018-05-08 16:13:58,0,1
42974,33487,2018-05-08 16:14:59,0,1
42975,33487,2018-05-08 16:16:00,0,1
42976,33487,2018-05-08 16:17:01,0,1
42977,33487,2018-05-08 16:18:02,0,1
42978,33487,2018-05-08 16:19:03,0,1
42979,33487,2018-05-08 16:20:04,0,1
42980,33487,2018-05-08 16:21:05,0,1
42981,33487,2018-05-08 16:22:06,0,1
42982,33487,2018-05-08 16:23:07,0,1
42983,33487,2018-05-08 16:24:08,0,1
42984,33487,2018-05-08 16:25:09,0,1
42985,33487,2018-05-08 16:26:10,0,1
42986,33487,2018-05-08 16:27:11,0,1
42987,33487,2018-05-08 16:28:12,0,1
42988,33487,2018-05-08 16:29:13,0,1
42989,33487,2018-05-08 16:30:14,0,1
42990,33487,2018-05-08 16:31:15,0,1
42991,33487,2018-05-08 16:32:16,0,1
42992,33487,2018-05-08 16:33:17,0,1
42993,33487,2018-05-08 16:34:18,0,1
42994,33487,2018-05-08 16:35:19,0,1
42995,33487,2018-05-08 16:36:20,0,1
42996,33487,2018-05-08 16:37:21,0,1
42997,33487,2018-05-08 16:38:22,0,1
42998,33487,2018-05-08 16:39:23,0,1
42999,33487,2018-05-08 16:40:06,0,0
43002,33492,2018-05-08 16:41:34,1,0
43003,33495,2018-05-08 16:42:35,1,0
43004,33498,2018-05-08 16:43:36,1,0
43005,33501,2018-05-08 16:44:37,1,0
43006,33504,2018-05-08 16:45:38,1,0
43007,33507,2018-05-08 16:46:39,1,0
43008,33510,2018-05-08 16:47:40,1,0
43009,33512,2018-05-08 16:48:41,1,0
43010,33515,2018-05-08 16:49:42,1,0
43011,33518,2018-05-08 16:50:43,1,0
43012,33521,2018-05-08 16:51:44,1,0
43013,33525,2018-05-08 16:52:45,1,0
43014,33528,2018-05-08 16:53:46,1,0
43015,33531,2018-05-08 16:54:47,1,0
43016,33534,2018-05-08 16:55:48,1,0
43017,33535,2018-05-08 16:56:14,1,0
43019,33540,2018-05-08 16:57:50,1,0
43020,33543,2018-05-08 16:58:51,1,0
43021,33546,2018-05-08 16:59:52,1,0
43022,33549,2018-05-08 17:00:53,1,0
43023,33552,2018-05-08 17:01:54,1,0
43024,33555,2018-05-08 17:02:55,1,0
43025,33558,2018-05-08 17:03:56,1,0
43026,33561,2018-05-08 17:04:57,1,0
43027,33564,2018-05-08 17:05:58,1,0
43028,33567,2018-05-08 17:06:59,1,0
43029,33570,2018-05-08 17:08:00,1,0
43030,33573,2018-05-08 17:09:01,1,0
43031,33576,2018-05-08 17:10:02,1,0
43032,33578,2018-05-08 17:11:03,1,0
43033,33581,2018-05-08 17:12:04,1,0
43034,33583,2018-05-08 17:13:05,1,0
43035,33586,2018-05-08 17:14:06,1,0
43036,33589,2018-05-08 17:15:07,1,0
43037,33591,2018-05-08 17:16:08,1,0
43038,33594,2018-05-08 17:17:09,1,0
43039,33597,2018-05-08 17:18:10,1,0
43040,33600,2018-05-08 17:19:11,1,0
43041,33602,2018-05-08 17:20:12,1,0
43042,33605,2018-05-08 17:21:13,1,0
43043,33608,2018-05-08 17:22:14,1,0
43044,33611,2018-05-08 17:23:15,1,0
43045,33614,2018-05-08 17:24:16,1,0
43046,33617,2018-05-08 17:25:17,1,0
43047,33620,2018-05-08 17:26:18,1,0
43048,33623,2018-05-08 17:27:19,1,0
43049,33626,2018-05-08 17:28:20,1,0
43050,33628,2018-05-08 17:29:11,1,0
43052,33631,2018-05-08 17:30:15,1,0
43054,33634,2018-05-08 17:31:19,1,0
43056,33637,2018-05-08 17:32:22,1,0
43058,33640,2018-05-08 17:33:25,1,0
43060,33643,2018-05-08 17:34:26,1,0
43062,33646,2018-05-08 17:35:27,1,0
43063,33649,2018-05-08 17:36:28,1,0
43065,33652,2018-05-08 17:37:29,1,0
43067,33655,2018-05-08 17:38:30,1,0
43068,33657,2018-05-08 17:39:02,1,0
43070,33660,2018-05-08 17:40:06,1,0
43072,33663,2018-05-08 17:41:10,1,0
43074,33667,2018-05-08 17:42:15,1,0
43076,33670,2018-05-08 17:43:19,1,0
43078,33673,2018-05-08 17:44:23,1,0
43080,33676,2018-05-08 17:45:27,1,0
43082,33679,2018-05-08 17:46:32,1,0
43084,33683,2018-05-08 17:47:39,1,0
43085,33686,2018-05-08 17:48:40,1,0
43087,33689,2018-05-08 17:49:41,1,0
43088,33690,2018-05-08 17:50:03,1,0
43090,33693,2018-05-08 17:51:08,1,0
43092,33696,2018-05-08 17:52:12,1,0
43094,33700,2018-05-08 17:53:16,1,0
43096,33706,2018-05-08 17:55:36,1,0
43097,33713,2018-05-08 17:57:49,1,0
43099,33716,2018-05-08 17:58:50,1,0
43101,33719,2018-05-08 17:59:51,1,0
43103,33722,2018-05-08 18:00:52,1,0
43104,33725,2018-05-08 18:01:53,1,0
43105,33727,2018-05-08 18:02:25,1,0
43107,33730,2018-05-08 18:03:29,1,0
43109,33733,2018-05-08 18:04:36,1,0
43111,33736,2018-05-08 18:05:42,1,0
43113,33739,2018-05-08 18:06:46,1,0
43115,33742,2018-05-08 18:07:50,1,0
43117,33745,2018-05-08 18:08:55,1,0
43118,33746,2018-05-08 18:09:00,1,0
43120,33748,2018-05-08 18:10:01,1,0
43121,33751,2018-05-08 18:11:02,1,0
43123,33754,2018-05-08 18:12:03,1,0
43125,33757,2018-05-08 18:13:04,1,0
43126,33760,2018-05-08 18:14:05,1,0
43128,33763,2018-05-08 18:15:06,1,0
43130,33766,2018-05-08 18:16:07,1,0
43132,33769,2018-05-08 18:17:08,1,0
43134,33771,2018-05-08 18:18:09,1,0
43136,33774,2018-05-08 18:19:10,1,0
43138,33777,2018-05-08 18:20:11,1,0
43139,33780,2018-05-08 18:21:03,1,0
43141,33783,2018-05-08 18:22:09,1,0
43143,33786,2018-05-08 18:23:14,1,0
43145,33789,2018-05-08 18:24:15,1,0
43147,33792,2018-05-08 18:25:16,1,0
43148,33795,2018-05-08 18:26:17,1,0
43150,33798,2018-05-08 18:27:18,1,0
43152,33800,2018-05-08 18:28:19,1,0
43154,33803,2018-05-08 18:29:20,1,0
43156,33806,2018-05-08 18:30:21,1,0
43157,33808,2018-05-08 18:31:04,1,0
43159,33811,2018-05-08 18:32:09,1,0
43161,33815,2018-05-08 18:33:13,1,0
43163,33818,2018-05-08 18:34:18,1,0
43165,33821,2018-05-08 18:35:23,1,0
43167,33824,2018-05-08 18:36:27,1,0
43169,33827,2018-05-08 18:37:28,1,0
43170,33830,2018-05-08 18:38:29,1,0
43172,33833,2018-05-08 18:39:30,1,0
43174,33836,2018-05-08 18:40:31,1,0
43175,33837,2018-05-08 18:41:05,1,0
43177,33841,2018-05-08 18:42:10,1,0
43179,33844,2018-05-08 18:43:15,1,0
43181,33847,2018-05-08 18:44:19,1,0
43183,33850,2018-05-08 18:45:24,1,0
43185,33853,2018-05-08 18:46:30,1,0
43187,33856,2018-05-08 18:47:35,1,0
43189,33860,2018-05-08 18:48:39,1,0
43191,33863,2018-05-08 18:49:40,1,0
43192,33866,2018-05-08 18:50:41,1,0
43193,33867,2018-05-08 18:51:12,1,0
43195,33870,2018-05-08 18:52:15,1,0
43201,33873,2018-05-08 18:53:19,1,0
43203,33876,2018-05-08 18:54:09,0,0
43209,33876,2018-05-08 18:55:46,0,1
43211,33876,2018-05-08 18:56:51,0,1
43213,33876,2018-05-08 18:57:56,0,1
43215,33876,2018-05-08 18:58:59,0,1
43216,33876,2018-05-08 18:59:02,0,1
43217,33876,2018-05-08 19:00:00,0,1
43219,33876,2018-05-08 19:01:01,0,1
43221,33876,2018-05-08 19:02:02,0,1
43222,33876,2018-05-08 19:03:03,0,1
43223,33876,2018-05-08 19:04:04,0,1
43225,33876,2018-05-08 19:05:05,0,1
43227,33876,2018-05-08 19:06:06,0,1
43229,33876,2018-05-08 19:07:07,0,1
43231,33876,2018-05-08 19:08:08,0,1
43232,33876,2018-05-08 19:09:03,0,1
43234,33876,2018-05-08 19:10:08,0,1
43236,33876,2018-05-08 19:11:11,0,1
43238,33876,2018-05-08 19:12:12,0,1
43240,33876,2018-05-08 19:13:13,0,1
43242,33876,2018-05-08 19:14:14,0,1
43244,33876,2018-05-08 19:15:15,0,1
43245,33876,2018-05-08 19:16:16,0,1
43247,33876,2018-05-08 19:17:17,0,1
43249,33876,2018-05-08 19:18:18,0,1
43251,33876,2018-05-08 19:19:19,0,1
43252,33876,2018-05-08 19:20:02,0,1
43254,33876,2018-05-08 19:21:07,0,1
43256,33876,2018-05-08 19:22:10,0,1
43258,33876,2018-05-08 19:23:15,0,1
43260,33876,2018-05-08 19:24:19,0,1
43262,33876,2018-05-08 19:25:23,0,1
43264,33876,2018-05-08 19:26:26,0,1
43266,33876,2018-05-08 19:27:27,0,1
43267,33876,2018-05-08 19:28:28,0,1
43269,33876,2018-05-08 19:29:29,0,1
43271,33876,2018-05-08 19:30:30,0,1
43273,33876,2018-05-08 19:31:31,0,1
43275,33876,2018-05-08 19:32:32,0,1
43276,33876,2018-05-08 19:33:03,0,1
43278,33876,2018-05-08 19:34:08,0,1
43280,33876,2018-05-08 19:35:13,0,1
43282,33876,2018-05-08 19:36:17,0,1
43284,33876,2018-05-08 19:37:21,0,1
43286,33876,2018-05-08 19:38:25,0,1
43288,33876,2018-05-08 19:39:39,0,1
43289,33876,2018-05-08 19:40:40,0,1
43291,33876,2018-05-08 19:41:41,0,1
43293,33876,2018-05-08 19:42:42,0,1
43295,33876,2018-05-08 19:43:43,0,1
43297,33876,2018-05-08 19:44:44,0,1
43298,33876,2018-05-08 19:45:03,0,1
43300,33876,2018-05-08 19:46:07,0,1
43302,33876,2018-05-08 19:47:12,0,1
43304,33876,2018-05-08 19:48:16,0,1
43306,33876,2018-05-08 19:49:22,0,1
43308,33876,2018-05-08 19:50:26,0,1
43310,33876,2018-05-08 19:51:51,0,1
43311,33876,2018-05-08 19:52:45,0,1
43313,33876,2018-05-08 19:53:50,0,1
43315,33876,2018-05-08 19:54:54,0,1
43317,33876,2018-05-08 19:55:55,0,1
43319,33876,2018-05-08 19:56:56,0,1
43320,33876,2018-05-08 19:57:04,0,1
43322,33876,2018-05-08 19:58:10,0,1
43324,33876,2018-05-08 19:59:14,0,1
43326,33876,2018-05-08 20:00:18,0,1
43327,33876,2018-05-08 20:01:00,0,1
43329,33876,2018-05-08 20:02:01,0,1
43331,33876,2018-05-08 20:03:02,0,1
43332,33876,2018-05-08 20:04:03,0,1
43333,33876,2018-05-08 20:05:04,0,1
43335,33876,2018-05-08 20:06:05,0,1
43336,33876,2018-05-08 20:07:03,0,1
43338,33876,2018-05-08 20:08:07,0,1
43340,33876,2018-05-08 20:09:08,0,1
43341,33876,2018-05-08 20:10:09,0,1
43343,33876,2018-05-08 20:11:10,0,1
43345,33876,2018-05-08 20:12:11,0,1
43347,33876,2018-05-08 20:13:12,0,1
43348,33876,2018-05-08 20:14:13,0,1
43350,33876,2018-05-08 20:15:14,0,1
43352,33876,2018-05-08 20:16:15,0,1
43354,33876,2018-05-08 20:17:16,0,1
43356,33876,2018-05-08 20:18:17,0,1
43357,33876,2018-05-08 20:19:18,0,1
43358,33876,2018-05-08 20:20:09,0,1
43360,33876,2018-05-08 20:21:13,0,1
43362,33876,2018-05-08 20:22:17,0,1
43364,33876,2018-05-08 20:23:21,0,1
43366,33876,2018-05-08 20:24:23,0,1
43368,33876,2018-05-08 20:25:24,0,1
43370,33876,2018-05-08 20:26:25,0,1
43372,33876,2018-05-08 20:27:26,0,1
43374,33876,2018-05-08 20:28:27,0,1
43376,33876,2018-05-08 20:29:28,0,1
43378,33876,2018-05-08 20:30:29,0,1
43379,33876,2018-05-08 20:31:30,0,1
43380,33876,2018-05-08 20:32:06,0,1
43382,33876,2018-05-08 20:33:10,0,1
43384,33876,2018-05-08 20:34:15,0,1
43386,33876,2018-05-08 20:35:19,0,1
43388,33876,2018-05-08 20:36:23,0,1
43390,33876,2018-05-08 20:37:27,0,1
43392,33876,2018-05-08 20:38:31,0,1
43394,33876,2018-05-08 20:39:36,0,1
43396,33876,2018-05-08 20:40:38,0,1
43398,33876,2018-05-08 20:41:39,0,1
43400,33876,2018-05-08 20:42:40,0,1
43401,33876,2018-05-08 20:43:41,0,1
43402,33876,2018-05-08 20:44:09,0,1
43404,33876,2018-05-08 20:45:13,0,1
43406,33876,2018-05-08 20:46:18,0,1
43408,33876,2018-05-08 20:47:22,0,1
43410,33876,2018-05-08 20:48:46,0,1
43411,33876,2018-05-08 20:49:32,0,1
43413,33876,2018-05-08 20:50:37,0,1
43415,33876,2018-05-08 20:51:41,0,1
43417,33876,2018-05-08 20:52:28,0,1
43423,33876,2018-05-08 20:53:50,0,1
43425,33876,2018-05-08 20:54:52,0,1
43427,33876,2018-05-08 20:55:53,0,1
43428,33876,2018-05-08 20:56:54,0,1
43429,33876,2018-05-08 20:57:55,0,1
43430,33876,2018-05-08 20:58:23,0,1
43432,33876,2018-05-08 20:59:57,0,1
43433,33876,2018-05-08 21:00:33,0,1
43435,33876,2018-05-08 21:01:37,0,1
43437,33876,2018-05-08 21:02:42,0,1
43438,33876,2018-05-08 21:03:00,0,1
43440,33876,2018-05-08 21:04:01,0,1
43442,33876,2018-05-08 21:05:02,0,1
43444,33876,2018-05-08 21:06:03,0,1
43445,33876,2018-05-08 21:07:01,0,1
43447,33876,2018-05-08 21:08:05,0,1
43449,33876,2018-05-08 21:09:06,0,1
43451,33876,2018-05-08 21:10:07,0,1
43452,33876,2018-05-08 21:11:08,0,1
43454,33876,2018-05-08 21:12:09,0,1
43456,33876,2018-05-08 21:13:10,0,1
43458,33876,2018-05-08 21:14:11,0,1
43460,33876,2018-05-08 21:15:12,0,1
43462,33876,2018-05-08 21:16:13,0,1
43463,33876,2018-05-08 21:17:04,0,1
43465,33876,2018-05-08 21:18:09,0,1
43467,33876,2018-05-08 21:19:13,0,1
43469,33876,2018-05-08 21:20:16,0,1
43471,33876,2018-05-08 21:21:18,0,1
43473,33876,2018-05-08 21:22:19,0,1
43474,33876,2018-05-08 21:23:20,0,1
43476,33876,2018-05-08 21:24:21,0,1
43478,33876,2018-05-08 21:25:22,0,1
43480,33876,2018-05-08 21:26:23,0,1
43482,33876,2018-05-08 21:27:24,0,1
43484,33876,2018-05-08 21:28:25,0,1
43485,33876,2018-05-08 21:29:02,0,1
43487,33876,2018-05-08 21:30:07,0,1
43489,33876,2018-05-08 21:31:11,0,1
43491,33876,2018-05-08 21:32:15,0,1
43493,33876,2018-05-08 21:33:19,0,1
43495,33876,2018-05-08 21:34:31,0,1
43496,33876,2018-05-08 21:35:32,0,1
43498,33876,2018-05-08 21:36:33,0,1
43500,33876,2018-05-08 21:37:34,0,1
43502,33876,2018-05-08 21:38:35,0,1
43504,33876,2018-05-08 21:39:36,0,1
43505,33876,2018-05-08 21:40:37,0,1
43506,33876,2018-05-08 21:41:04,0,1
43508,33876,2018-05-08 21:42:08,0,1
43510,33876,2018-05-08 21:43:12,0,1
43512,33876,2018-05-08 21:44:16,0,1
43514,33876,2018-05-08 21:45:20,0,1
43516,33876,2018-05-08 21:46:23,0,1
43518,33876,2018-05-08 21:47:44,0,1
43519,33876,2018-05-08 21:48:44,0,1
43521,33876,2018-05-08 21:49:46,0,1
43523,33876,2018-05-08 21:50:47,0,1
43524,33876,2018-05-08 21:51:48,0,1
43526,33876,2018-05-08 21:52:49,0,1
43527,33876,2018-05-08 21:53:02,0,1
43529,33876,2018-05-08 21:55:24,0,1
43530,33876,2018-05-08 21:56:27,0,1
43531,33876,2018-05-08 21:57:33,0,1
43533,33876,2018-05-08 21:58:40,0,1
43535,33876,2018-05-08 21:59:46,0,1
43537,33876,2018-05-08 22:00:57,0,1
43538,33876,2018-05-08 22:01:58,0,1
43539,33876,2018-05-08 22:02:07,0,1
43541,33876,2018-05-08 22:03:13,0,1
43542,33876,2018-05-08 22:04:00,0,1
43544,33876,2018-05-08 22:05:01,0,1
43546,33876,2018-05-08 22:06:02,0,1
43548,33876,2018-05-08 22:07:03,0,1
43550,33876,2018-05-08 22:08:04,0,1
43552,33876,2018-05-08 22:09:05,0,1
43554,33876,2018-05-08 22:10:06,0,1
43555,33876,2018-05-08 22:11:07,0,1
43557,33876,2018-05-08 22:12:08,0,1
43559,33876,2018-05-08 22:13:09,0,1
43560,33876,2018-05-08 22:14:10,0,1
43561,33876,2018-05-08 22:15:11,0,1
43563,33876,2018-05-08 22:16:12,0,1
43565,33876,2018-05-08 22:17:13,0,1
43567,33876,2018-05-08 22:18:14,0,1
43569,33876,2018-05-08 22:19:15,0,1
43571,33876,2018-05-08 22:20:16,0,1
43573,33876,2018-05-08 22:21:17,0,1
43575,33876,2018-05-08 22:22:18,0,1
43577,33876,2018-05-08 22:23:19,0,1
43579,33876,2018-05-08 22:24:20,0,1
43581,33876,2018-05-08 22:25:21,0,1
43582,33876,2018-05-08 22:26:22,0,1
43583,33876,2018-05-08 22:27:09,0,1
43585,33876,2018-05-08 22:28:13,0,1
43587,33876,2018-05-08 22:29:18,0,1
43589,33876,2018-05-08 22:30:22,0,1
43591,33876,2018-05-08 22:31:27,0,1
43593,33876,2018-05-08 22:32:28,0,1
43595,33876,2018-05-08 22:33:29,0,1
43596,33876,2018-05-08 22:34:30,0,1
43598,33876,2018-05-08 22:35:31,0,1
43600,33876,2018-05-08 22:36:32,0,1
43602,33876,2018-05-08 22:37:33,0,1
43604,33876,2018-05-08 22:38:34,0,1
43605,33876,2018-05-08 22:39:35,0,1
43606,33876,2018-05-08 22:40:14,0,1
43608,33876,2018-05-08 22:41:18,0,1
43610,33876,2018-05-08 22:42:23,0,1
43612,33876,2018-05-08 22:43:27,0,1
43614,33876,2018-05-08 22:44:30,0,1
43616,33876,2018-05-08 22:45:34,0,1
43618,33876,2018-05-08 22:46:38,0,1
43620,33876,2018-05-08 22:47:43,0,1
43622,33876,2018-05-08 22:48:44,0,1
43624,33876,2018-05-08 22:49:45,0,1
43626,33876,2018-05-08 22:50:46,0,1
43627,33876,2018-05-08 22:51:47,0,1
43628,33876,2018-05-08 22:52:28,0,1
43633,33876,2018-05-08 22:53:16,0,1
43635,33876,2018-05-08 22:54:20,0,1
43637,33876,2018-05-08 22:55:24,0,1
43639,33876,2018-05-08 22:56:28,0,1
43641,33876,2018-05-08 22:57:33,0,1
43643,33876,2018-05-08 22:58:36,0,1
43645,33876,2018-05-08 22:59:40,0,1
43647,33876,2018-05-08 23:00:46,0,1
43649,33876,2018-05-08 23:01:50,0,1
43651,33876,2018-05-08 23:02:53,0,1
43653,33876,2018-05-08 23:03:59,0,1
43654,33876,2018-05-08 23:05:00,0,1
43656,33876,2018-05-08 23:06:01,0,1
43658,33876,2018-05-08 23:07:02,0,1
43659,33876,2018-05-08 23:08:03,0,1
43661,33876,2018-05-08 23:09:04,0,1
43663,33876,2018-05-08 23:10:05,0,1
43665,33876,2018-05-08 23:11:06,0,1
43667,33876,2018-05-08 23:12:07,0,1
43669,33876,2018-05-08 23:13:08,0,1
43671,33876,2018-05-08 23:14:09,0,1
43673,33876,2018-05-08 23:15:10,0,1
43675,33876,2018-05-08 23:16:11,0,1
43676,33876,2018-05-08 23:17:12,0,1
43677,33876,2018-05-08 23:18:13,0,1
43679,33876,2018-05-08 23:19:14,0,1
43681,33876,2018-05-08 23:20:15,0,1
43683,33876,2018-05-08 23:21:16,0,1
43685,33876,2018-05-08 23:22:17,0,1
43687,33876,2018-05-08 23:23:18,0,1
43689,33876,2018-05-08 23:24:19,0,1
43691,33876,2018-05-08 23:25:20,0,1
43693,33876,2018-05-08 23:26:21,0,1
43695,33876,2018-05-08 23:27:22,0,1
43697,33876,2018-05-08 23:28:23,0,1
43698,33876,2018-05-08 23:29:24,0,1
43699,33876,2018-05-08 23:30:14,0,1
43701,33876,2018-05-08 23:31:18,0,1
43703,33876,2018-05-08 23:32:22,0,1
43705,33876,2018-05-08 23:33:26,0,1
43707,33876,2018-05-08 23:34:29,0,1
43708,33876,2018-05-08 23:35:30,0,1
43710,33876,2018-05-08 23:36:31,0,1
43712,33876,2018-05-08 23:37:32,0,1
43714,33876,2018-05-08 23:38:33,0,1
43716,33876,2018-05-08 23:39:34,0,1
43718,33876,2018-05-08 23:40:35,0,1
43720,33876,2018-05-08 23:41:36,0,1
43721,33876,2018-05-08 23:42:37,0,1
43722,33876,2018-05-08 23:43:21,0,1
43724,33876,2018-05-08 23:44:24,0,1
43726,33876,2018-05-08 23:45:40,0,1
43727,33876,2018-05-08 23:46:33,0,1
43729,33876,2018-05-08 23:47:37,0,1
43731,33876,2018-05-08 23:48:40,0,1
43733,33876,2018-05-08 23:49:44,0,1
43735,33876,2018-05-08 23:50:45,0,1
43737,33876,2018-05-08 23:51:46,0,1
43739,33876,2018-05-08 23:52:47,0,1
43741,33876,2018-05-08 23:53:48,0,1
43743,33876,2018-05-08 23:54:49,0,1
43744,33876,2018-05-08 23:55:50,0,1
43745,33876,2018-05-08 23:56:31,0,1
43747,33876,2018-05-08 23:57:35,0,1
43749,33876,2018-05-08 23:58:42,0,1
