,AMR,Opened,Closed,Timestamp,Time
0,34001,1,0,2018-05-22 00:00:28,00:00:28
2,34001,1,0,2018-05-22 00:01:31,00:01:31
3,34001,1,0,2018-05-22 00:02:00,00:02:00
5,34001,1,0,2018-05-22 00:03:01,00:03:01
7,34001,1,0,2018-05-22 00:04:02,00:04:02
9,34001,1,0,2018-05-22 00:05:03,00:05:03
10,34001,1,0,2018-05-22 00:06:00,00:06:00
12,34001,1,0,2018-05-22 00:07:04,00:07:04
14,34001,1,0,2018-05-22 00:08:06,00:08:06
16,34001,1,0,2018-05-22 00:09:07,00:09:07
18,34001,1,0,2018-05-22 00:10:06,00:10:06
21,34001,1,0,2018-05-22 00:11:09,00:11:09
23,34001,1,0,2018-05-22 00:12:10,00:12:10
25,34001,1,0,2018-05-22 00:13:11,00:13:11
27,34001,1,0,2018-05-22 00:14:12,00:14:12
30,34001,1,0,2018-05-22 00:15:13,00:15:13
32,34001,1,0,2018-05-22 00:16:14,00:16:14
34,34001,1,0,2018-05-22 00:17:15,00:17:15
35,34001,1,0,2018-05-22 00:18:02,00:18:02
37,34001,1,0,2018-05-22 00:19:07,00:19:07
39,34001,1,0,2018-05-22 00:20:12,00:20:12
41,34001,1,0,2018-05-22 00:21:18,00:21:18
43,34001,1,0,2018-05-22 00:22:20,00:22:20
45,34001,1,0,2018-05-22 00:23:21,00:23:21
47,34001,1,0,2018-05-22 00:24:22,00:24:22
49,34001,1,0,2018-05-22 00:25:23,00:25:23
51,34001,1,0,2018-05-22 00:26:24,00:26:24
53,34001,1,0,2018-05-22 00:27:02,00:27:02
56,34001,1,0,2018-05-22 00:28:26,00:28:26
57,34001,1,0,2018-05-22 00:29:03,00:29:03
59,34001,1,0,2018-05-22 00:30:07,00:30:07
61,34001,1,0,2018-05-22 00:31:11,00:31:11
63,34001,1,0,2018-05-22 00:32:15,00:32:15
65,34001,1,0,2018-05-22 00:33:19,00:33:19
67,34001,1,0,2018-05-22 00:34:26,00:34:26
69,34001,1,0,2018-05-22 00:35:31,00:35:31
71,34001,1,0,2018-05-22 00:36:34,00:36:34
73,34001,1,0,2018-05-22 00:37:35,00:37:35
75,34001,1,0,2018-05-22 00:38:36,00:38:36
77,34001,1,0,2018-05-22 00:39:05,00:39:05
80,34001,1,0,2018-05-22 00:40:38,00:40:38
81,34001,1,0,2018-05-22 00:41:06,00:41:06
83,34001,1,0,2018-05-22 00:42:10,00:42:10
85,34001,1,0,2018-05-22 00:43:15,00:43:15
87,34001,1,0,2018-05-22 00:44:18,00:44:18
89,34001,1,0,2018-05-22 00:45:22,00:45:22
91,34001,1,0,2018-05-22 00:46:27,00:46:27
93,34001,1,0,2018-05-22 00:47:32,00:47:32
95,34001,1,0,2018-05-22 00:48:37,00:48:37
97,34001,1,0,2018-05-22 00:49:41,00:49:41
99,34001,1,0,2018-05-22 00:50:46,00:50:46
101,34001,1,0,2018-05-22 00:51:05,00:51:05
104,34001,1,0,2018-05-22 00:52:50,00:52:50
105,34001,1,0,2018-05-22 00:53:06,00:53:06
107,34001,1,0,2018-05-22 00:54:10,00:54:10
109,34001,1,0,2018-05-22 00:55:14,00:55:14
111,34001,1,0,2018-05-22 00:56:18,00:56:18
113,34001,1,0,2018-05-22 00:57:23,00:57:23
115,34001,1,0,2018-05-22 00:58:26,00:58:26
117,34001,1,0,2018-05-22 00:59:30,00:59:30
119,34001,1,0,2018-05-22 01:00:34,01:00:34
121,34001,1,0,2018-05-22 01:01:38,01:01:38
123,34001,1,0,2018-05-22 01:02:42,01:02:42
124,34001,1,0,2018-05-22 01:03:00,01:03:00
127,34001,1,0,2018-05-22 01:04:01,01:04:01
128,34001,1,0,2018-05-22 01:05:01,01:05:01
130,34001,1,0,2018-05-22 01:06:03,01:06:03
132,34001,1,0,2018-05-22 01:07:04,01:07:04
134,34001,1,0,2018-05-22 01:08:05,01:08:05
136,34001,1,0,2018-05-22 01:09:06,01:09:06
138,34001,1,0,2018-05-22 01:10:07,01:10:07
140,34001,1,0,2018-05-22 01:11:08,01:11:08
142,34001,1,0,2018-05-22 01:12:09,01:12:09
144,34001,1,0,2018-05-22 01:13:10,01:13:10
146,34001,1,0,2018-05-22 01:14:11,01:14:11
149,34001,1,0,2018-05-22 01:15:12,01:15:12
151,34001,1,0,2018-05-22 01:16:13,01:16:13
153,34001,1,0,2018-05-22 01:17:14,01:17:14
154,34001,1,0,2018-05-22 01:18:03,01:18:03
156,34001,1,0,2018-05-22 01:19:08,01:19:08
158,34001,1,0,2018-05-22 01:20:13,01:20:13
160,34001,1,0,2018-05-22 01:21:18,01:21:18
162,34001,1,0,2018-05-22 01:22:19,01:22:19
164,34001,1,0,2018-05-22 01:23:20,01:23:20
166,34001,1,0,2018-05-22 01:24:21,01:24:21
168,34001,1,0,2018-05-22 01:25:22,01:25:22
170,34001,1,0,2018-05-22 01:26:23,01:26:23
172,34001,1,0,2018-05-22 01:27:01,01:27:01
175,34001,1,0,2018-05-22 01:28:25,01:28:25
176,34001,1,0,2018-05-22 01:29:03,01:29:03
178,34001,1,0,2018-05-22 01:30:07,01:30:07
181,34001,1,0,2018-05-22 01:31:11,01:31:11
184,34001,1,0,2018-05-22 01:32:29,01:32:29
186,34001,1,0,2018-05-22 01:33:30,01:33:30
188,34001,1,0,2018-05-22 01:34:31,01:34:31
190,34001,1,0,2018-05-22 01:35:32,01:35:32
192,34001,1,0,2018-05-22 01:36:33,01:36:33
194,34001,1,0,2018-05-22 01:37:34,01:37:34
196,34001,1,0,2018-05-22 01:38:35,01:38:35
197,34001,1,0,2018-05-22 01:39:00,01:39:00
199,34001,1,0,2018-05-22 01:40:04,01:40:04
201,34001,1,0,2018-05-22 01:41:07,01:41:07
203,34001,1,0,2018-05-22 01:42:11,01:42:11
206,34001,1,0,2018-05-22 01:43:14,01:43:14
208,34001,1,0,2018-05-22 01:44:31,01:44:31
210,34001,1,0,2018-05-22 01:45:35,01:45:35
212,34001,1,0,2018-05-22 01:46:39,01:46:39
214,34001,1,0,2018-05-22 01:47:43,01:47:43
216,34001,1,0,2018-05-22 01:48:45,01:48:45
218,34001,1,0,2018-05-22 01:49:46,01:49:46
220,34001,1,0,2018-05-22 01:50:47,01:50:47
222,34001,1,0,2018-05-22 01:51:48,01:51:48
223,34001,1,0,2018-05-22 01:52:04,01:52:04
225,34001,1,0,2018-05-22 01:53:09,01:53:09
227,34001,1,0,2018-05-22 01:54:14,01:54:14
230,34001,1,0,2018-05-22 01:55:18,01:55:18
232,34001,1,0,2018-05-22 01:56:34,01:56:34
234,34001,1,0,2018-05-22 01:57:38,01:57:38
236,34001,1,0,2018-05-22 01:58:42,01:58:42
238,34001,1,0,2018-05-22 01:59:47,01:59:47
240,34001,1,0,2018-05-22 02:00:50,02:00:50
242,34001,1,0,2018-05-22 02:01:55,02:01:55
244,34001,1,0,2018-05-22 02:02:59,02:02:59
246,34001,1,0,2018-05-22 02:04:00,02:04:00
248,34001,1,0,2018-05-22 02:05:01,02:05:01
250,34001,1,0,2018-05-22 02:06:02,02:06:02
253,34001,1,0,2018-05-22 02:07:03,02:07:03
255,34001,1,0,2018-05-22 02:08:04,02:08:04
257,34001,1,0,2018-05-22 02:09:05,02:09:05
259,34001,1,0,2018-05-22 02:10:06,02:10:06
261,34001,1,0,2018-05-22 02:11:07,02:11:07
263,34001,1,0,2018-05-22 02:12:08,02:12:08
265,34001,1,0,2018-05-22 02:13:09,02:13:09
267,34001,1,0,2018-05-22 02:14:10,02:14:10
268,34001,1,0,2018-05-22 02:15:01,02:15:01
270,34001,1,0,2018-05-22 02:16:04,02:16:04
272,34001,1,0,2018-05-22 02:17:08,02:17:08
274,34001,1,0,2018-05-22 02:18:12,02:18:12
277,34001,1,0,2018-05-22 02:19:15,02:19:15
279,34001,1,0,2018-05-22 02:20:16,02:20:16
281,34001,1,0,2018-05-22 02:21:17,02:21:17
283,34001,1,0,2018-05-22 02:22:18,02:22:18
285,34001,1,0,2018-05-22 02:23:19,02:23:19
287,34001,1,0,2018-05-22 02:24:20,02:24:20
289,34001,1,0,2018-05-22 02:25:21,02:25:21
291,34001,1,0,2018-05-22 02:26:22,02:26:22
293,34001,1,0,2018-05-22 02:27:23,02:27:23
294,34001,1,0,2018-05-22 02:28:00,02:28:00
296,34001,1,0,2018-05-22 02:29:04,02:29:04
298,34001,1,0,2018-05-22 02:30:08,02:30:08
301,34001,1,0,2018-05-22 02:31:12,02:31:12
303,34001,1,0,2018-05-22 02:32:28,02:32:28
305,34001,1,0,2018-05-22 02:33:29,02:33:29
307,34001,1,0,2018-05-22 02:34:30,02:34:30
309,34001,1,0,2018-05-22 02:35:31,02:35:31
311,34001,1,0,2018-05-22 02:36:32,02:36:32
313,34001,1,0,2018-05-22 02:37:33,02:37:33
315,34001,1,0,2018-05-22 02:38:34,02:38:34
317,34001,1,0,2018-05-22 02:39:35,02:39:35
318,34001,1,0,2018-05-22 02:40:03,02:40:03
320,34001,1,0,2018-05-22 02:41:08,02:41:08
321,34001,1,0,2018-05-22 02:42:16,02:42:16
323,34001,1,0,2018-05-22 02:43:22,02:43:22
324,34001,1,0,2018-05-22 02:44:38,02:44:38
326,34001,1,0,2018-05-22 02:45:41,02:45:41
328,34001,1,0,2018-05-22 02:46:42,02:46:42
330,34001,1,0,2018-05-22 02:47:43,02:47:43
332,34001,1,0,2018-05-22 02:48:44,02:48:44
334,34001,1,0,2018-05-22 02:49:45,02:49:45
336,34001,1,0,2018-05-22 02:50:46,02:50:46
337,34001,1,0,2018-05-22 02:51:04,02:51:04
339,34001,1,0,2018-05-22 02:52:08,02:52:08
341,34001,1,0,2018-05-22 02:53:12,02:53:12
343,34001,1,0,2018-05-22 02:54:16,02:54:16
346,34001,1,0,2018-05-22 02:55:19,02:55:19
348,34001,1,0,2018-05-22 02:56:36,02:56:36
350,34001,1,0,2018-05-22 02:57:40,02:57:40
352,34001,1,0,2018-05-22 02:58:43,02:58:43
354,34001,1,0,2018-05-22 02:59:47,02:59:47
356,34001,1,0,2018-05-22 03:00:51,03:00:51
358,34001,1,0,2018-05-22 03:01:55,03:01:55
360,34001,1,0,2018-05-22 03:02:58,03:02:58
362,34001,1,0,2018-05-22 03:03:59,03:03:59
363,34001,1,0,2018-05-22 03:04:03,03:04:03
364,34001,1,0,2018-05-22 03:05:00,03:05:00
366,34001,1,0,2018-05-22 03:06:01,03:06:01
369,34001,1,0,2018-05-22 03:07:02,03:07:02
371,34001,1,0,2018-05-22 03:08:03,03:08:03
373,34001,1,0,2018-05-22 03:09:04,03:09:04
375,34001,1,0,2018-05-22 03:10:05,03:10:05
377,34001,1,0,2018-05-22 03:11:06,03:11:06
379,34001,1,0,2018-05-22 03:12:07,03:12:07
381,34001,1,0,2018-05-22 03:13:08,03:13:08
382,34001,1,0,2018-05-22 03:14:01,03:14:01
384,34001,1,0,2018-05-22 03:15:05,03:15:05
386,34001,1,0,2018-05-22 03:16:09,03:16:09
388,34001,1,0,2018-05-22 03:17:12,03:17:12
390,34001,1,0,2018-05-22 03:18:13,03:18:13
393,34001,1,0,2018-05-22 03:19:14,03:19:14
395,34001,1,0,2018-05-22 03:20:15,03:20:15
397,34001,1,0,2018-05-22 03:21:16,03:21:16
399,34001,1,0,2018-05-22 03:22:17,03:22:17
401,34001,1,0,2018-05-22 03:23:18,03:23:18
402,34001,1,0,2018-05-22 03:24:03,03:24:03
404,34001,1,0,2018-05-22 03:25:07,03:25:07
406,34001,1,0,2018-05-22 03:26:11,03:26:11
408,34001,1,0,2018-05-22 03:27:15,03:27:15
410,34001,1,0,2018-05-22 03:28:19,03:28:19
412,34001,1,0,2018-05-22 03:29:22,03:29:22
414,34001,1,0,2018-05-22 03:30:25,03:30:25
417,34001,1,0,2018-05-22 03:31:26,03:31:26
419,34001,1,0,2018-05-22 03:32:27,03:32:27
421,34001,1,0,2018-05-22 03:33:28,03:33:28
423,34001,1,0,2018-05-22 03:34:29,03:34:29
425,34001,1,0,2018-05-22 03:35:30,03:35:30
427,34001,1,0,2018-05-22 03:36:31,03:36:31
428,34001,1,0,2018-05-22 03:37:02,03:37:02
430,34001,1,0,2018-05-22 03:38:05,03:38:05
432,34001,1,0,2018-05-22 03:39:09,03:39:09
434,34001,1,0,2018-05-22 03:40:13,03:40:13
436,34001,1,0,2018-05-22 03:41:18,03:41:18
438,34001,1,0,2018-05-22 03:42:22,03:42:22
441,34001,1,0,2018-05-22 03:43:25,03:43:25
443,34001,1,0,2018-05-22 03:44:39,03:44:39
445,34001,1,0,2018-05-22 03:45:40,03:45:40
447,34001,1,0,2018-05-22 03:46:41,03:46:41
449,34001,1,0,2018-05-22 03:47:42,03:47:42
451,34001,1,0,2018-05-22 03:48:43,03:48:43
452,34001,1,0,2018-05-22 03:49:00,03:49:00
454,34001,1,0,2018-05-22 03:50:04,03:50:04
456,34001,1,0,2018-05-22 03:51:08,03:51:08
458,34001,1,0,2018-05-22 03:52:12,03:52:12
460,34001,1,0,2018-05-22 03:53:15,03:53:15
462,34001,1,0,2018-05-22 03:54:18,03:54:18
465,34001,1,0,2018-05-22 03:55:22,03:55:22
467,34001,1,0,2018-05-22 03:56:39,03:56:39
469,34001,1,0,2018-05-22 03:57:43,03:57:43
471,34001,1,0,2018-05-22 03:58:47,03:58:47
473,34001,1,0,2018-05-22 03:59:51,03:59:51
475,34001,1,0,2018-05-22 04:00:55,04:00:55
477,34001,1,0,2018-05-22 04:01:56,04:01:56
479,34001,1,0,2018-05-22 04:02:57,04:02:57
480,34001,1,0,2018-05-22 04:03:02,04:03:02
482,34001,1,0,2018-05-22 04:04:06,04:04:06
484,34001,1,0,2018-05-22 04:05:10,04:05:10
485,34001,1,0,2018-05-22 04:06:00,04:06:00
488,34001,1,0,2018-05-22 04:07:01,04:07:01
490,34001,1,0,2018-05-22 04:08:02,04:08:02
492,34001,1,0,2018-05-22 04:09:03,04:09:03
494,34001,1,0,2018-05-22 04:10:04,04:10:04
496,34001,1,0,2018-05-22 04:11:05,04:11:05
498,34001,1,0,2018-05-22 04:12:06,04:12:06
500,34001,1,0,2018-05-22 04:13:07,04:13:07
502,34001,1,0,2018-05-22 04:14:08,04:14:08
504,34001,1,0,2018-05-22 04:15:09,04:15:09
505,34001,1,0,2018-05-22 04:16:02,04:16:02
507,34001,1,0,2018-05-22 04:17:06,04:17:06
509,34001,1,0,2018-05-22 04:18:10,04:18:10
512,34001,1,0,2018-05-22 04:19:13,04:19:13
514,34001,1,0,2018-05-22 04:20:14,04:20:14
516,34001,1,0,2018-05-22 04:21:15,04:21:15
518,34001,1,0,2018-05-22 04:22:16,04:22:16
520,34001,1,0,2018-05-22 04:23:17,04:23:17
522,34001,1,0,2018-05-22 04:24:18,04:24:18
524,34001,1,0,2018-05-22 04:25:19,04:25:19
526,34001,1,0,2018-05-22 04:26:20,04:26:20
528,34001,1,0,2018-05-22 04:27:21,04:27:21
530,34001,1,0,2018-05-22 04:28:22,04:28:22
531,34001,1,0,2018-05-22 04:29:01,04:29:01
533,34001,1,0,2018-05-22 04:30:05,04:30:05
536,34001,1,0,2018-05-22 04:31:09,04:31:09
538,34001,1,0,2018-05-22 04:32:26,04:32:26
540,34001,1,0,2018-05-22 04:33:27,04:33:27
542,34001,1,0,2018-05-22 04:34:28,04:34:28
544,34001,1,0,2018-05-22 04:35:29,04:35:29
546,34001,1,0,2018-05-22 04:36:30,04:36:30
548,34001,1,0,2018-05-22 04:37:31,04:37:31
550,34001,1,0,2018-05-22 04:38:32,04:38:32
552,34001,1,0,2018-05-22 04:39:33,04:39:33
554,34001,1,0,2018-05-22 04:40:34,04:40:34
556,34001,1,0,2018-05-22 04:41:35,04:41:35
557,34001,1,0,2018-05-22 04:42:03,04:42:03
560,34001,1,0,2018-05-22 04:43:06,04:43:06
562,34001,1,0,2018-05-22 04:44:23,04:44:23
564,34001,1,0,2018-05-22 04:45:27,04:45:27
566,34001,1,0,2018-05-22 04:46:31,04:46:31
568,34001,1,0,2018-05-22 04:47:35,04:47:35
570,34001,1,0,2018-05-22 04:48:39,04:48:39
572,34001,1,0,2018-05-22 04:49:43,04:49:43
574,34001,1,0,2018-05-22 04:50:44,04:50:44
576,34001,1,0,2018-05-22 04:51:45,04:51:45
578,34001,1,0,2018-05-22 04:52:46,04:52:46
580,34001,1,0,2018-05-22 04:53:47,04:53:47
581,34001,1,0,2018-05-22 04:54:01,04:54:01
584,34001,1,0,2018-05-22 04:55:05,04:55:05
586,34001,1,0,2018-05-22 04:56:21,04:56:21
588,34001,1,0,2018-05-22 04:57:25,04:57:25
590,34001,1,0,2018-05-22 04:58:29,04:58:29
592,34001,1,0,2018-05-22 04:59:32,04:59:32
594,34001,1,0,2018-05-22 05:00:36,05:00:36
596,34001,1,0,2018-05-22 05:01:41,05:01:41
598,34001,1,0,2018-05-22 05:02:46,05:02:46
600,34001,1,0,2018-05-22 05:03:50,05:03:50
602,34001,1,0,2018-05-22 05:04:54,05:04:54
604,34001,1,0,2018-05-22 05:05:58,05:05:58
606,34001,1,0,2018-05-22 05:06:16,05:06:16
607,34001,1,0,2018-05-22 05:07:00,05:07:00
609,34001,1,0,2018-05-22 05:08:01,05:08:01
611,34001,1,0,2018-05-22 05:09:02,05:09:02
613,34001,1,0,2018-05-22 05:10:03,05:10:03
615,34001,1,0,2018-05-22 05:11:04,05:11:04
617,34001,1,0,2018-05-22 05:12:05,05:12:05
619,34001,1,0,2018-05-22 05:13:06,05:13:06
621,34001,1,0,2018-05-22 05:14:07,05:14:07
623,34001,1,0,2018-05-22 05:15:08,05:15:08
625,34001,1,0,2018-05-22 05:16:09,05:16:09
627,34001,1,0,2018-05-22 05:17:10,05:17:10
629,34001,1,0,2018-05-22 05:18:11,05:18:11
632,34001,1,0,2018-05-22 05:19:12,05:19:12
633,34001,1,0,2018-05-22 05:20:13,05:20:13
635,34001,1,0,2018-05-22 05:21:14,05:21:14
637,34001,1,0,2018-05-22 05:22:15,05:22:15
639,34001,1,0,2018-05-22 05:23:16,05:23:16
641,34001,1,0,2018-05-22 05:24:17,05:24:17
643,34001,1,0,2018-05-22 05:25:18,05:25:18
645,34001,1,0,2018-05-22 05:26:19,05:26:19
647,34001,1,0,2018-05-22 05:27:20,05:27:20
649,34001,1,0,2018-05-22 05:28:21,05:28:21
651,34001,1,0,2018-05-22 05:29:22,05:29:22
653,34001,1,0,2018-05-22 05:30:09,05:30:09
656,34001,1,0,2018-05-22 05:31:24,05:31:24
657,34001,1,0,2018-05-22 05:32:11,05:32:11
659,34001,1,0,2018-05-22 05:33:14,05:33:14
661,34001,1,0,2018-05-22 05:34:18,05:34:18
663,34001,1,0,2018-05-22 05:35:22,05:35:22
665,34001,1,0,2018-05-22 05:36:26,05:36:26
667,34001,1,0,2018-05-22 05:37:30,05:37:30
669,34001,1,0,2018-05-22 05:38:31,05:38:31
671,34001,1,0,2018-05-22 05:39:32,05:39:32
673,34001,1,0,2018-05-22 05:40:33,05:40:33
675,34001,1,0,2018-05-22 05:41:34,05:41:34
677,34001,1,0,2018-05-22 05:42:07,05:42:07
680,34001,1,0,2018-05-22 05:43:36,05:43:36
681,34001,1,0,2018-05-22 05:44:07,05:44:07
683,34001,1,0,2018-05-22 05:45:11,05:45:11
685,34001,1,0,2018-05-22 05:46:15,05:46:15
687,34001,1,0,2018-05-22 05:47:18,05:47:18
689,34001,1,0,2018-05-22 05:48:22,05:48:22
691,34001,1,0,2018-05-22 05:49:26,05:49:26
693,34001,1,0,2018-05-22 05:50:31,05:50:31
695,34001,1,0,2018-05-22 05:51:34,05:51:34
697,34001,1,0,2018-05-22 05:52:38,05:52:38
699,34001,1,0,2018-05-22 05:53:42,05:53:42
701,34001,1,0,2018-05-22 05:54:01,05:54:01
704,34001,1,0,2018-05-22 05:55:48,05:55:48
705,34001,1,0,2018-05-22 05:56:02,05:56:02
707,34001,1,0,2018-05-22 05:57:06,05:57:06
709,34001,1,0,2018-05-22 05:58:10,05:58:10
711,34001,1,0,2018-05-22 05:59:14,05:59:14
713,34001,1,0,2018-05-22 06:00:18,06:00:18
715,34001,1,0,2018-05-22 06:01:21,06:01:21
717,34001,1,0,2018-05-22 06:02:25,06:02:25
719,34001,1,0,2018-05-22 06:03:29,06:03:29
721,34001,1,0,2018-05-22 06:04:33,06:04:33
723,34001,1,0,2018-05-22 06:05:37,06:05:37
726,34001,1,0,2018-05-22 06:06:41,06:06:41
728,34001,1,0,2018-05-22 06:07:57,06:07:57
730,34001,1,0,2018-05-22 06:09:00,06:09:00
732,34001,1,0,2018-05-22 06:10:01,06:10:01
734,34001,1,0,2018-05-22 06:11:02,06:11:02
736,34001,1,0,2018-05-22 06:12:03,06:12:03
738,34001,1,0,2018-05-22 06:13:04,06:13:04
740,34001,1,0,2018-05-22 06:14:05,06:14:05
742,34001,1,0,2018-05-22 06:15:06,06:15:06
744,34001,1,0,2018-05-22 06:16:07,06:16:07
746,34001,1,0,2018-05-22 06:17:08,06:17:08
749,34001,1,0,2018-05-22 06:18:09,06:18:09
751,34001,1,0,2018-05-22 06:19:10,06:19:10
753,34001,1,0,2018-05-22 06:20:11,06:20:11
755,34001,1,0,2018-05-22 06:21:12,06:21:12
756,34001,1,0,2018-05-22 06:22:02,06:22:02
758,34001,1,0,2018-05-22 06:23:05,06:23:05
760,34001,1,0,2018-05-22 06:24:09,06:24:09
762,34001,1,0,2018-05-22 06:25:14,06:25:14
764,34001,1,0,2018-05-22 06:26:17,06:26:17
766,34001,1,0,2018-05-22 06:27:18,06:27:18
768,34001,1,0,2018-05-22 06:28:19,06:28:19
770,34001,1,0,2018-05-22 06:29:20,06:29:20
773,34001,1,0,2018-05-22 06:30:21,06:30:21
775,34001,1,0,2018-05-22 06:31:22,06:31:22
777,34001,1,0,2018-05-22 06:32:23,06:32:23
779,34001,1,0,2018-05-22 06:33:24,06:33:24
780,34001,1,0,2018-05-22 06:34:01,06:34:01
782,34001,1,0,2018-05-22 06:35:05,06:35:05
784,34001,1,0,2018-05-22 06:36:09,06:36:09
786,34001,1,0,2018-05-22 06:37:13,06:37:13
788,34001,1,0,2018-05-22 06:38:17,06:38:17
790,34001,1,0,2018-05-22 06:39:21,06:39:21
792,34001,1,0,2018-05-22 06:40:25,06:40:25
794,34001,1,0,2018-05-22 06:41:58,06:41:58
795,34001,1,0,2018-05-22 06:42:42,06:42:42
796,34001,1,0,2018-05-22 06:43:59,06:43:59
797,34001,1,0,2018-05-22 06:44:35,06:44:35
798,34001,1,0,2018-05-22 06:45:04,06:45:04
800,34001,1,0,2018-05-22 06:46:09,06:46:09
802,34001,1,0,2018-05-22 06:47:13,06:47:13
804,34001,1,0,2018-05-22 06:48:17,06:48:17
806,34001,1,0,2018-05-22 06:49:21,06:49:21
808,34001,1,0,2018-05-22 06:50:25,06:50:25
810,34001,1,0,2018-05-22 06:51:28,06:51:28
812,34001,1,0,2018-05-22 06:52:33,06:52:33
814,34001,1,0,2018-05-22 06:53:37,06:53:37
817,34001,1,0,2018-05-22 06:54:41,06:54:41
819,34001,1,0,2018-05-22 06:55:46,06:55:46
821,34001,1,0,2018-05-22 06:56:47,06:56:47
822,34001,1,0,2018-05-22 06:57:01,06:57:01
824,34001,1,0,2018-05-22 06:58:05,06:58:05
826,34001,1,0,2018-05-22 06:59:09,06:59:09
828,34001,1,0,2018-05-22 07:00:12,07:00:12
830,34001,1,0,2018-05-22 07:01:17,07:01:17
832,34001,1,0,2018-05-22 07:02:20,07:02:20
834,34001,1,0,2018-05-22 07:03:24,07:03:24
836,34001,1,0,2018-05-22 07:04:28,07:04:28
838,34001,1,0,2018-05-22 07:05:31,07:05:31
841,34001,1,0,2018-05-22 07:06:35,07:06:35
843,34001,1,0,2018-05-22 07:07:51,07:07:51
845,34001,1,0,2018-05-22 07:08:54,07:08:54
847,34001,1,0,2018-05-22 07:09:58,07:09:58
848,34001,1,0,2018-05-22 07:10:00,07:10:00
849,34001,1,0,2018-05-22 07:11:01,07:11:01
851,34001,1,0,2018-05-22 07:12:02,07:12:02
853,34001,1,0,2018-05-22 07:13:03,07:13:03
855,34001,1,0,2018-05-22 07:14:04,07:14:04
857,34001,1,0,2018-05-22 07:15:05,07:15:05
859,34001,1,0,2018-05-22 07:16:06,07:16:06
861,34001,1,0,2018-05-22 07:17:07,07:17:07
864,34001,1,0,2018-05-22 07:18:08,07:18:08
866,34001,1,0,2018-05-22 07:19:09,07:19:09
868,34001,1,0,2018-05-22 07:20:10,07:20:10
870,34001,1,0,2018-05-22 07:21:11,07:21:11
872,34001,1,0,2018-05-22 07:22:12,07:22:12
874,34001,1,0,2018-05-22 07:23:13,07:23:13
875,34001,1,0,2018-05-22 07:24:14,07:24:14
876,34001,1,0,2018-05-22 07:25:15,07:25:15
878,34001,1,0,2018-05-22 07:26:16,07:26:16
880,34001,1,0,2018-05-22 07:27:17,07:27:17
882,34001,1,0,2018-05-22 07:28:18,07:28:18
884,34001,1,0,2018-05-22 07:29:19,07:29:19
887,34001,1,0,2018-05-22 07:30:20,07:30:20
889,34001,1,0,2018-05-22 07:31:21,07:31:21
891,34001,1,0,2018-05-22 07:32:22,07:32:22
893,34001,1,0,2018-05-22 07:33:23,07:33:23
894,34001,1,0,2018-05-22 07:34:03,07:34:03
896,34001,1,0,2018-05-22 07:35:07,07:35:07
898,34001,1,0,2018-05-22 07:36:10,07:36:10
900,34001,1,0,2018-05-22 07:37:13,07:37:13
902,34001,1,0,2018-05-22 07:38:17,07:38:17
904,34001,1,0,2018-05-22 07:39:21,07:39:21
906,34001,1,0,2018-05-22 07:40:24,07:40:24
908,34001,1,0,2018-05-22 07:41:28,07:41:28
911,34001,1,0,2018-05-22 07:42:32,07:42:32
913,34001,1,0,2018-05-22 07:43:33,07:43:33
915,34001,1,0,2018-05-22 07:44:34,07:44:34
917,34001,1,0,2018-05-22 07:45:35,07:45:35
919,34001,1,0,2018-05-22 07:46:36,07:46:36
920,34001,1,0,2018-05-22 07:47:02,07:47:02
922,34001,1,0,2018-05-22 07:48:05,07:48:05
924,34001,1,0,2018-05-22 07:49:08,07:49:08
926,34001,1,0,2018-05-22 07:50:12,07:50:12
928,34001,1,0,2018-05-22 07:51:19,07:51:19
930,34001,1,0,2018-05-22 07:52:22,07:52:22
932,34001,1,0,2018-05-22 07:53:26,07:53:26
935,34001,1,0,2018-05-22 07:54:30,07:54:30
937,34001,1,0,2018-05-22 07:55:45,07:55:45
939,34001,1,0,2018-05-22 07:56:46,07:56:46
941,34001,1,0,2018-05-22 07:57:47,07:57:47
943,34001,1,0,2018-05-22 07:58:48,07:58:48
945,34001,1,0,2018-05-22 07:59:49,07:59:49
946,34001,1,0,2018-05-22 08:00:04,08:00:04
948,34001,1,0,2018-05-22 08:01:07,08:01:07
950,34001,1,0,2018-05-22 08:02:11,08:02:11
952,34001,1,0,2018-05-22 08:03:14,08:03:14
954,34001,1,0,2018-05-22 08:04:17,08:04:17
956,34001,1,0,2018-05-22 08:05:22,08:05:22
959,34001,1,0,2018-05-22 08:06:25,08:06:25
961,34001,1,0,2018-05-22 08:07:41,08:07:41
963,34001,1,0,2018-05-22 08:08:45,08:08:45
965,34001,1,0,2018-05-22 08:09:49,08:09:49
967,34001,1,0,2018-05-22 08:10:52,08:10:52
968,34001,1,0,2018-05-22 08:11:00,08:11:00
970,34001,1,0,2018-05-22 08:12:01,08:12:01
971,34001,1,0,2018-05-22 08:13:00,08:13:00
973,34001,1,0,2018-05-22 08:14:03,08:14:03
975,34001,1,0,2018-05-22 08:15:04,08:15:04
977,34001,1,0,2018-05-22 08:16:05,08:16:05
979,34001,1,0,2018-05-22 08:17:06,08:17:06
982,34001,1,0,2018-05-22 08:18:07,08:18:07
984,34001,1,0,2018-05-22 08:19:08,08:19:08
986,34001,1,0,2018-05-22 08:20:09,08:20:09
988,34001,1,0,2018-05-22 08:21:10,08:21:10
990,34001,1,0,2018-05-22 08:22:11,08:22:11
992,34001,1,0,2018-05-22 08:23:12,08:23:12
994,34001,1,0,2018-05-22 08:24:13,08:24:13
996,34001,1,0,2018-05-22 08:25:14,08:25:14
998,34001,1,0,2018-05-22 08:26:15,08:26:15
1000,34001,1,0,2018-05-22 08:27:16,08:27:16
1001,34001,1,0,2018-05-22 08:28:01,08:28:01
1003,34001,1,0,2018-05-22 08:29:06,08:29:06
1006,34001,1,0,2018-05-22 08:30:14,08:30:14
1008,34001,1,0,2018-05-22 08:31:20,08:31:20
1010,34001,1,0,2018-05-22 08:32:21,08:32:21
1012,34001,1,0,2018-05-22 08:33:22,08:33:22
1014,34001,1,0,2018-05-22 08:34:23,08:34:23
1016,34001,1,0,2018-05-22 08:35:24,08:35:24
1018,34001,1,0,2018-05-22 08:36:25,08:36:25
1020,34001,1,0,2018-05-22 08:37:26,08:37:26
1022,34001,1,0,2018-05-22 08:38:27,08:38:27
1024,34001,1,0,2018-05-22 08:39:28,08:39:28
1026,34001,1,0,2018-05-22 08:40:29,08:40:29
1027,34001,1,0,2018-05-22 08:41:01,08:41:01
1030,34001,1,0,2018-05-22 08:42:04,08:42:04
1032,34001,1,0,2018-05-22 08:43:20,08:43:20
1034,34001,1,0,2018-05-22 08:44:23,08:44:23
1036,34001,1,0,2018-05-22 08:45:27,08:45:27
1038,34001,1,0,2018-05-22 08:46:30,08:46:30
1040,34001,1,0,2018-05-22 08:47:34,08:47:34
1042,34001,1,0,2018-05-22 08:48:37,08:48:37
1044,34001,1,0,2018-05-22 08:49:38,08:49:38
1046,34001,1,0,2018-05-22 08:50:39,08:50:39
1048,34001,1,0,2018-05-22 08:51:40,08:51:40
1050,34001,1,0,2018-05-22 08:52:41,08:52:41
1052,34001,1,0,2018-05-22 08:53:21,08:53:21
1054,34001,1,0,2018-05-22 08:54:06,08:54:06
1056,34001,1,0,2018-05-22 08:55:21,08:55:21
1058,34001,1,0,2018-05-22 08:56:25,08:56:25
1060,34001,1,0,2018-05-22 08:57:28,08:57:28
1062,34001,1,0,2018-05-22 08:58:31,08:58:31
1064,34001,1,0,2018-05-22 08:59:36,08:59:36
1066,34001,1,0,2018-05-22 09:00:39,09:00:39
1068,34001,1,0,2018-05-22 09:01:43,09:01:43
1070,34001,1,0,2018-05-22 09:02:47,09:02:47
1072,34001,1,0,2018-05-22 09:03:51,09:03:51
1074,34001,1,0,2018-05-22 09:04:53,09:04:53
1076,34001,1,0,2018-05-22 09:05:19,09:05:19
1078,34001,1,0,2018-05-22 09:06:04,09:06:04
1080,34001,1,0,2018-05-22 09:07:20,09:07:20
1082,34001,1,0,2018-05-22 09:08:24,09:08:24
1084,34001,1,0,2018-05-22 09:09:28,09:09:28
1086,34001,1,0,2018-05-22 09:10:32,09:10:32
1088,34001,1,0,2018-05-22 09:11:37,09:11:37
1089,34001,1,0,2018-05-22 09:12:00,09:12:00
1091,34001,1,0,2018-05-22 09:13:01,09:13:01
1093,34001,1,0,2018-05-22 09:14:02,09:14:02
1095,34001,1,0,2018-05-22 09:15:03,09:15:03
1097,34001,1,0,2018-05-22 09:16:04,09:16:04
1099,34001,1,0,2018-05-22 09:17:05,09:17:05
1102,34001,1,0,2018-05-22 09:18:06,09:18:06
1103,34001,1,0,2018-05-22 09:19:07,09:19:07
1105,34001,1,0,2018-05-22 09:20:08,09:20:08
1107,34001,1,0,2018-05-22 09:21:09,09:21:09
1109,34001,1,0,2018-05-22 09:22:10,09:22:10
1111,34001,1,0,2018-05-22 09:23:11,09:23:11
1113,34001,1,0,2018-05-22 09:24:12,09:24:12
1114,34001,1,0,2018-05-22 09:25:13,09:25:13
1115,34001,1,0,2018-05-22 09:26:14,09:26:14
1117,34001,1,0,2018-05-22 09:27:15,09:27:15
1119,34001,1,0,2018-05-22 09:28:16,09:28:16
1121,34001,1,0,2018-05-22 09:29:17,09:29:17
1122,34001,1,0,2018-05-22 09:31:10,09:31:10
1124,34001,1,0,2018-05-22 09:33:11,09:33:11
1126,34001,1,0,2018-05-22 09:34:22,09:34:22
1127,34001,1,0,2018-05-22 09:35:23,09:35:23
1129,34001,1,0,2018-05-22 09:36:24,09:36:24
1131,34001,1,0,2018-05-22 09:37:25,09:37:25
1133,34001,1,0,2018-05-22 09:40:18,09:40:18
1134,34001,1,0,2018-05-22 09:41:22,09:41:22
1136,34001,1,0,2018-05-22 09:44:15,09:44:15
1137,34001,1,0,2018-05-22 09:45:19,09:45:19
1140,34001,1,0,2018-05-22 09:46:23,09:46:23
1142,34001,1,0,2018-05-22 09:47:35,09:47:35
1144,34001,1,0,2018-05-22 09:48:36,09:48:36
1146,34001,1,0,2018-05-22 09:49:37,09:49:37
1148,34001,1,0,2018-05-22 09:50:38,09:50:38
1150,34001,1,0,2018-05-22 09:51:39,09:51:39
1151,34001,1,0,2018-05-22 09:52:03,09:52:03
1152,34001,1,0,2018-05-22 09:54:24,09:54:24
1153,34001,1,0,2018-05-22 09:55:29,09:55:29
1155,34001,1,0,2018-05-22 09:56:33,09:56:33
1157,34001,1,0,2018-05-22 09:57:42,09:57:42
1159,34001,1,0,2018-05-22 09:58:00,09:58:00
1162,34001,1,0,2018-05-22 09:59:47,09:59:47
1163,34001,1,0,2018-05-22 10:00:01,10:00:01
1165,34001,1,0,2018-05-22 10:01:13,10:01:13
1167,34001,1,0,2018-05-22 10:02:16,10:02:16
1169,34001,1,0,2018-05-22 10:03:22,10:03:22
1171,34001,1,0,2018-05-22 10:04:27,10:04:27
1173,34001,1,0,2018-05-22 10:05:32,10:05:32
1175,34001,1,0,2018-05-22 10:06:35,10:06:35
1177,34001,1,0,2018-05-22 10:07:40,10:07:40
1179,34001,1,0,2018-05-22 10:08:48,10:08:48
1181,34001,1,0,2018-05-22 10:09:53,10:09:53
1183,34001,1,0,2018-05-22 10:12:42,10:12:42
1184,34001,1,0,2018-05-22 10:13:46,10:13:46
1185,34001,1,0,2018-05-22 10:14:01,10:14:01
1186,34001,1,0,2018-05-22 10:15:02,10:15:02
1187,34001,1,0,2018-05-22 10:16:03,10:16:03
1189,34001,1,0,2018-05-22 10:17:04,10:17:04
1191,34001,1,0,2018-05-22 10:18:05,10:18:05
1193,34001,1,0,2018-05-22 10:19:06,10:19:06
1195,34001,1,0,2018-05-22 10:20:07,10:20:07
1197,34001,1,0,2018-05-22 10:21:08,10:21:08
1199,34001,1,0,2018-05-22 10:22:09,10:22:09
1201,34001,1,0,2018-05-22 10:23:10,10:23:10
1202,34001,1,0,2018-05-22 10:24:11,10:24:11
1203,34001,1,0,2018-05-22 10:25:12,10:25:12
1205,34001,1,0,2018-05-22 10:26:13,10:26:13
1207,34001,1,0,2018-05-22 10:27:14,10:27:14
1209,34001,1,0,2018-05-22 10:28:15,10:28:15
1211,34001,1,0,2018-05-22 10:29:16,10:29:16
1213,34001,1,0,2018-05-22 10:30:17,10:30:17
1215,34001,1,0,2018-05-22 10:31:18,10:31:18
1216,34001,1,0,2018-05-22 10:32:06,10:32:06
1218,34001,1,0,2018-05-22 10:35:03,10:35:03
1219,34001,1,0,2018-05-22 10:36:07,10:36:07
1222,34001,1,0,2018-05-22 10:37:24,10:37:24
1223,34001,1,0,2018-05-22 10:38:39,10:38:39
1224,34001,1,0,2018-05-22 10:39:44,10:39:44
1225,34001,1,0,2018-05-22 10:41:09,10:41:09
1227,34001,1,0,2018-05-22 10:42:14,10:42:14
1229,34001,1,0,2018-05-22 10:43:30,10:43:30
1230,34001,1,0,2018-05-22 10:44:31,10:44:31
1232,34001,1,0,2018-05-22 10:45:32,10:45:32
1234,34001,1,0,2018-05-22 10:46:33,10:46:33
1236,34001,1,0,2018-05-22 10:47:34,10:47:34
1238,34001,1,0,2018-05-22 10:48:35,10:48:35
1240,34001,1,0,2018-05-22 10:49:20,10:49:20
1242,34001,1,0,2018-05-22 10:50:00,10:50:00
1244,34001,1,0,2018-05-22 10:51:21,10:51:21
1246,34001,1,0,2018-05-22 10:52:26,10:52:26
1248,34001,1,0,2018-05-22 10:53:30,10:53:30
1250,34001,1,0,2018-05-22 10:54:34,10:54:34
1252,34001,1,0,2018-05-22 10:55:38,10:55:38
1254,34001,1,0,2018-05-22 10:56:43,10:56:43
1256,34001,1,0,2018-05-22 10:57:44,10:57:44
1258,34001,1,0,2018-05-22 10:58:45,10:58:45
1260,34001,1,0,2018-05-22 10:59:46,10:59:46
1262,34001,1,0,2018-05-22 11:00:47,11:00:47
1264,34001,1,0,2018-05-22 11:01:20,11:01:20
1266,34001,1,0,2018-05-22 11:02:04,11:02:04
1268,34001,1,0,2018-05-22 11:03:21,11:03:21
1270,34001,1,0,2018-05-22 11:04:25,11:04:25
1272,34001,1,0,2018-05-22 11:05:29,11:05:29
1274,34001,1,0,2018-05-22 11:06:35,11:06:35
1276,34001,1,0,2018-05-22 11:07:39,11:07:39
1278,34001,1,0,2018-05-22 11:08:53,11:08:53
1280,34001,1,0,2018-05-22 11:09:56,11:09:56
1282,34001,1,0,2018-05-22 11:10:57,11:10:57
1283,34001,1,0,2018-05-22 11:11:01,11:11:01
1285,34001,1,0,2018-05-22 11:12:05,11:12:05
1287,34001,1,0,2018-05-22 11:13:09,11:13:09
1289,34001,1,0,2018-05-22 11:14:00,11:14:00
1291,34001,1,0,2018-05-22 11:15:01,11:15:01
1293,34001,1,0,2018-05-22 11:16:02,11:16:02
1295,34001,1,0,2018-05-22 11:17:03,11:17:03
1297,34001,1,0,2018-05-22 11:18:04,11:18:04
1299,34001,1,0,2018-05-22 11:19:05,11:19:05
1301,34001,1,0,2018-05-22 11:20:06,11:20:06
1302,34001,1,0,2018-05-22 11:21:07,11:21:07
1304,34001,1,0,2018-05-22 11:22:08,11:22:08
1306,34001,1,0,2018-05-22 11:23:09,11:23:09
1308,34001,1,0,2018-05-22 11:24:10,11:24:10
1310,34001,1,0,2018-05-22 11:25:11,11:25:11
1313,34001,1,0,2018-05-22 11:26:12,11:26:12
1315,34001,1,0,2018-05-22 11:27:13,11:27:13
1317,34001,1,0,2018-05-22 11:28:14,11:28:14
1319,34001,1,0,2018-05-22 11:29:15,11:29:15
1320,34001,1,0,2018-05-22 11:30:04,11:30:04
1322,34001,1,0,2018-05-22 11:31:08,11:31:08
1324,34001,1,0,2018-05-22 11:32:12,11:32:12
1326,34001,1,0,2018-05-22 11:33:16,11:33:16
1328,34001,1,0,2018-05-22 11:34:20,11:34:20
1330,34001,1,0,2018-05-22 11:35:21,11:35:21
1332,34001,1,0,2018-05-22 11:36:22,11:36:22
1334,34001,1,0,2018-05-22 11:37:23,11:37:23
1337,34001,1,0,2018-05-22 11:38:24,11:38:24
1339,34001,1,0,2018-05-22 11:39:25,11:39:25
1341,34001,1,0,2018-05-22 11:40:26,11:40:26
1342,34001,1,0,2018-05-22 11:41:00,11:41:00
1344,34001,1,0,2018-05-22 11:42:03,11:42:03
1346,34001,1,0,2018-05-22 11:43:07,11:43:07
1348,34001,1,0,2018-05-22 11:44:12,11:44:12
1350,34001,1,0,2018-05-22 11:45:16,11:45:16
1352,34001,1,0,2018-05-22 11:46:21,11:46:21
1354,34001,1,0,2018-05-22 11:47:25,11:47:25
1356,34001,1,0,2018-05-22 11:48:29,11:48:29
1358,34001,1,0,2018-05-22 11:49:33,11:49:33
1361,34001,1,0,2018-05-22 11:50:36,11:50:36
1363,34001,1,0,2018-05-22 11:51:37,11:51:37
1365,34001,1,0,2018-05-22 11:52:38,11:52:38
1366,34001,1,0,2018-05-22 11:53:00,11:53:00
1368,34001,1,0,2018-05-22 11:54:04,11:54:04
1370,34001,1,0,2018-05-22 11:55:08,11:55:08
1372,34001,1,0,2018-05-22 11:56:11,11:56:11
1374,34001,1,0,2018-05-22 11:57:20,11:57:20
1376,34001,1,0,2018-05-22 11:58:32,11:58:32
1378,34001,1,0,2018-05-22 11:59:36,11:59:36
1379,34001,1,0,2018-05-22 12:00:42,12:00:42
1381,34001,1,0,2018-05-22 12:01:47,12:01:47
1383,34001,1,0,2018-05-22 12:05:11,12:05:11
1385,34001,1,0,2018-05-22 12:06:16,12:06:16
1387,34001,1,0,2018-05-22 12:07:20,12:07:20
1389,34001,1,0,2018-05-22 12:08:53,12:08:53
1390,34001,1,0,2018-05-22 12:09:39,12:09:39
1392,34001,1,0,2018-05-22 12:10:43,12:10:43
1394,34001,1,0,2018-05-22 12:11:47,12:11:47
1396,34001,1,0,2018-05-22 12:12:52,12:12:52
1398,34001,1,0,2018-05-22 12:13:58,12:13:58
1400,34001,1,0,2018-05-22 12:14:59,12:14:59
1401,34001,1,0,2018-05-22 12:15:02,12:15:02
1403,34001,1,0,2018-05-22 12:16:00,12:16:00
1405,34001,1,0,2018-05-22 12:17:01,12:17:01
1407,34001,1,0,2018-05-22 12:18:02,12:18:02
1409,34001,1,0,2018-05-22 12:19:03,12:19:03
1411,34001,1,0,2018-05-22 12:20:04,12:20:04
1413,34001,1,0,2018-05-22 12:21:05,12:21:05
1415,34001,1,0,2018-05-22 12:22:06,12:22:06
1417,34001,1,0,2018-05-22 12:23:07,12:23:07
1418,34001,1,0,2018-05-22 12:24:02,12:24:02
1420,34001,1,0,2018-05-22 12:25:07,12:25:07
1422,34001,1,0,2018-05-22 12:26:10,12:26:10
1424,34001,1,0,2018-05-22 12:27:11,12:27:11
1427,34001,1,0,2018-05-22 12:28:12,12:28:12
1429,34001,1,0,2018-05-22 12:29:13,12:29:13
1431,34001,1,0,2018-05-22 12:30:14,12:30:14
1433,34001,1,0,2018-05-22 12:31:15,12:31:15
1434,34001,1,0,2018-05-22 12:32:01,12:32:01
1436,34001,1,0,2018-05-22 12:33:14,12:33:14
1438,34001,1,0,2018-05-22 12:34:18,12:34:18
1440,34001,1,0,2018-05-22 12:35:19,12:35:19
1442,34001,1,0,2018-05-22 12:36:20,12:36:20
1444,34001,1,0,2018-05-22 12:37:21,12:37:21
1446,34001,1,0,2018-05-22 12:38:22,12:38:22
1448,34001,1,0,2018-05-22 12:39:23,12:39:23
1450,34001,1,0,2018-05-22 12:40:02,12:40:02
1453,34001,1,0,2018-05-22 12:41:25,12:41:25
1454,34001,1,0,2018-05-22 12:42:05,12:42:05
1456,34001,1,0,2018-05-22 12:43:14,12:43:14
1458,34001,1,0,2018-05-22 12:44:18,12:44:18
1460,34001,1,0,2018-05-22 12:45:22,12:45:22
1462,34001,1,0,2018-05-22 12:46:28,12:46:28
1464,34001,1,0,2018-05-22 12:47:31,12:47:31
1466,34001,1,0,2018-05-22 12:48:32,12:48:32
1468,34001,1,0,2018-05-22 12:49:33,12:49:33
1470,34001,1,0,2018-05-22 12:50:34,12:50:34
1472,34001,1,0,2018-05-22 12:51:35,12:51:35
1474,34001,1,0,2018-05-22 12:52:08,12:52:08
1477,34001,1,0,2018-05-22 12:53:37,12:53:37
1478,34001,1,0,2018-05-22 12:54:11,12:54:11
1480,34001,1,0,2018-05-22 12:55:15,12:55:15
1482,34001,1,0,2018-05-22 12:56:19,12:56:19
1484,34001,1,0,2018-05-22 12:57:23,12:57:23
1486,34001,1,0,2018-05-22 12:58:27,12:58:27
1488,34001,1,0,2018-05-22 12:59:32,12:59:32
1490,34001,1,0,2018-05-22 13:00:37,13:00:37
1492,34001,1,0,2018-05-22 13:01:42,13:01:42
1494,34001,1,0,2018-05-22 13:02:46,13:02:46
1496,34001,1,0,2018-05-22 13:03:47,13:03:47
1497,34001,1,0,2018-05-22 13:04:48,13:04:48
1498,34001,1,0,2018-05-22 13:05:16,13:05:16
1500,34001,1,0,2018-05-22 13:06:01,13:06:01
1502,34001,1,0,2018-05-22 13:07:17,13:07:17
1504,34001,1,0,2018-05-22 13:08:21,13:08:21
1506,34001,1,0,2018-05-22 13:09:27,13:09:27
1508,34001,1,0,2018-05-22 13:10:32,13:10:32
1510,34001,1,0,2018-05-22 13:11:41,13:11:41
1512,34001,1,0,2018-05-22 13:12:44,13:12:44
1514,34001,1,0,2018-05-22 13:13:49,13:13:49
1516,34001,1,0,2018-05-22 13:14:54,13:14:54
1518,34001,1,0,2018-05-22 13:15:59,13:15:59
1520,34001,1,0,2018-05-22 13:17:00,13:17:00
1523,34001,1,0,2018-05-22 13:18:01,13:18:01
1525,34001,1,0,2018-05-22 13:19:02,13:19:02
1527,34001,1,0,2018-05-22 13:20:03,13:20:03
1529,34001,1,0,2018-05-22 13:21:04,13:21:04
1531,34001,1,0,2018-05-22 13:22:05,13:22:05
1533,34001,1,0,2018-05-22 13:23:06,13:23:06
1535,34001,1,0,2018-05-22 13:24:07,13:24:07
1537,34001,1,0,2018-05-22 13:25:08,13:25:08
1539,34001,1,0,2018-05-22 13:26:09,13:26:09
1541,34001,1,0,2018-05-22 13:27:10,13:27:10
1543,34001,1,0,2018-05-22 13:28:11,13:28:11
1544,34001,1,0,2018-05-22 13:29:02,13:29:02
1546,34001,1,0,2018-05-22 13:30:13,13:30:13
1547,34001,1,0,2018-05-22 13:31:14,13:31:14
1549,34001,1,0,2018-05-22 13:32:15,13:32:15
1551,34001,1,0,2018-05-22 13:33:16,13:33:16
1553,34001,1,0,2018-05-22 13:34:17,13:34:17
1555,34001,1,0,2018-05-22 13:35:18,13:35:18
1557,34001,1,0,2018-05-22 13:36:19,13:36:19
1559,34001,1,0,2018-05-22 13:37:20,13:37:20
1560,34001,1,0,2018-05-22 13:38:02,13:38:02
1562,34001,1,0,2018-05-22 13:39:07,13:39:07
1564,34001,1,0,2018-05-22 13:40:11,13:40:11
1566,34001,1,0,2018-05-22 13:41:14,13:41:14
1569,34001,1,0,2018-05-22 13:42:20,13:42:20
1571,34001,1,0,2018-05-22 13:43:26,13:43:26
1573,34001,1,0,2018-05-22 13:44:27,13:44:27
1575,34001,1,0,2018-05-22 13:45:28,13:45:28
1577,34001,1,0,2018-05-22 13:46:29,13:46:29
1579,34001,1,0,2018-05-22 13:47:30,13:47:30
1581,34001,1,0,2018-05-22 13:48:31,13:48:31
1583,34001,1,0,2018-05-22 13:49:32,13:49:32
1584,34001,1,0,2018-05-22 13:50:03,13:50:03
1586,34001,1,0,2018-05-22 13:55:34,13:55:34
1588,34001,1,0,2018-05-22 13:56:39,13:56:39
1590,34001,1,0,2018-05-22 13:57:40,13:57:40
1592,34001,1,0,2018-05-22 13:58:41,13:58:41
1594,34001,1,0,2018-05-22 13:59:42,13:59:42
1596,34001,1,0,2018-05-22 14:00:43,14:00:43
1598,34001,1,0,2018-05-22 14:01:44,14:01:44
1600,34001,1,0,2018-05-22 14:02:45,14:02:45
1601,34001,1,0,2018-05-22 14:03:04,14:03:04
1603,34001,1,0,2018-05-22 14:04:08,14:04:08
1605,34001,1,0,2018-05-22 14:05:12,14:05:12
1608,34001,1,0,2018-05-22 14:06:16,14:06:16
1610,34001,1,0,2018-05-22 14:07:32,14:07:32
1612,34001,1,0,2018-05-22 14:08:37,14:08:37
1614,34001,1,0,2018-05-22 14:09:41,14:09:41
1616,34001,1,0,2018-05-22 14:10:45,14:10:45
1618,34001,1,0,2018-05-22 14:11:49,14:11:49
1620,34001,1,0,2018-05-22 14:12:53,14:12:53
1622,34001,1,0,2018-05-22 14:13:56,14:13:56
1624,34001,1,0,2018-05-22 14:14:57,14:14:57
1625,34001,1,0,2018-05-22 14:15:02,14:15:02
1627,34001,1,0,2018-05-22 14:16:07,14:16:07
1629,34001,1,0,2018-05-22 14:17:14,14:17:14
1631,34001,1,0,2018-05-22 14:18:00,14:18:00
1633,34001,1,0,2018-05-22 14:19:01,14:19:01
1635,34001,1,0,2018-05-22 14:20:02,14:20:02
1637,34001,1,0,2018-05-22 14:21:03,14:21:03
1639,34001,1,0,2018-05-22 14:22:04,14:22:04
1641,34001,1,0,2018-05-22 14:23:05,14:23:05
1643,34001,1,0,2018-05-22 14:24:06,14:24:06
1645,34001,1,0,2018-05-22 14:25:07,14:25:07
1647,34001,1,0,2018-05-22 14:26:08,14:26:08
1648,34001,1,0,2018-05-22 14:27:03,14:27:03
1650,34001,1,0,2018-05-22 14:28:07,14:28:07
1652,34001,1,0,2018-05-22 14:29:11,14:29:11
1655,34001,1,0,2018-05-22 14:30:12,14:30:12
1657,34001,1,0,2018-05-22 14:31:13,14:31:13
1659,34001,1,0,2018-05-22 14:32:14,14:32:14
1661,34001,1,0,2018-05-22 14:33:15,14:33:15
1663,34001,1,0,2018-05-22 14:34:16,14:34:16
1665,34001,1,0,2018-05-22 14:36:05,14:36:05
1666,34001,1,0,2018-05-22 14:37:08,14:37:08
1667,34001,1,0,2018-05-22 14:38:19,14:38:19
1669,34001,1,0,2018-05-22 14:39:21,14:39:21
1671,34001,1,0,2018-05-22 14:40:22,14:40:22
1673,34001,1,0,2018-05-22 14:41:23,14:41:23
1676,34001,1,0,2018-05-22 14:42:24,14:42:24
1678,34001,1,0,2018-05-22 14:43:25,14:43:25
1680,34001,1,0,2018-05-22 14:44:26,14:44:26
1681,34001,1,0,2018-05-22 14:45:04,14:45:04
1683,34001,1,0,2018-05-22 14:46:08,14:46:08
1685,34001,1,0,2018-05-22 14:47:11,14:47:11
1687,34001,1,0,2018-05-22 14:48:16,14:48:16
1689,34001,1,0,2018-05-22 14:49:20,14:49:20
1691,34001,1,0,2018-05-22 14:50:25,14:50:25
1693,34001,1,0,2018-05-22 14:51:33,14:51:33
1695,34001,1,0,2018-05-22 14:52:34,14:52:34
1697,34001,1,0,2018-05-22 14:53:35,14:53:35
1699,34001,1,0,2018-05-22 14:54:00,14:54:00
1702,34001,1,0,2018-05-22 14:55:37,14:55:37
1703,34001,1,0,2018-05-22 14:56:01,14:56:01
1705,34001,1,0,2018-05-22 14:57:05,14:57:05
1707,34001,1,0,2018-05-22 14:58:08,14:58:08
1709,34001,1,0,2018-05-22 14:59:12,14:59:12
1711,34001,1,0,2018-05-22 15:00:16,15:00:16
1713,34001,1,0,2018-05-22 15:01:19,15:01:19
1715,34001,1,0,2018-05-22 15:02:23,15:02:23
1717,34001,1,0,2018-05-22 15:03:27,15:03:27
1719,34001,1,0,2018-05-22 15:04:30,15:04:30
1721,34001,1,0,2018-05-22 15:05:36,15:05:36
1724,34001,1,0,2018-05-22 15:06:40,15:06:40
1726,34001,1,0,2018-05-22 15:07:49,15:07:49
1728,34001,1,0,2018-05-22 15:08:50,15:08:50
1729,34001,1,0,2018-05-22 15:09:02,15:09:02
1731,34001,1,0,2018-05-22 15:10:07,15:10:07
1733,34001,1,0,2018-05-22 15:11:10,15:11:10
1735,34001,1,0,2018-05-22 15:12:13,15:12:13
1737,34001,1,0,2018-05-22 15:13:18,15:13:18
1739,34001,1,0,2018-05-22 15:14:22,15:14:22
1741,34001,1,0,2018-05-22 15:15:26,15:15:26
1743,34001,1,0,2018-05-22 15:16:29,15:16:29
1745,34001,1,0,2018-05-22 15:17:33,15:17:33
1748,34001,1,0,2018-05-22 15:18:36,15:18:36
1749,34001,1,0,2018-05-22 15:19:00,15:19:00
1750,34001,1,0,2018-05-22 15:20:01,15:20:01
1752,34001,1,0,2018-05-22 15:21:02,15:21:02
1754,34001,1,0,2018-05-22 15:22:03,15:22:03
1756,34001,1,0,2018-05-22 15:23:04,15:23:04
1758,34001,1,0,2018-05-22 15:24:05,15:24:05
1760,34001,1,0,2018-05-22 15:25:06,15:25:06
1762,34001,1,0,2018-05-22 15:26:07,15:26:07
1764,34001,1,0,2018-05-22 15:27:08,15:27:08
1765,34001,1,0,2018-05-22 15:28:04,15:28:04
1767,34001,1,0,2018-05-22 15:29:10,15:29:10
1769,34001,1,0,2018-05-22 15:30:11,15:30:11
1772,34001,1,0,2018-05-22 15:31:12,15:31:12
1774,34001,1,0,2018-05-22 15:32:13,15:32:13
1776,34001,1,0,2018-05-22 15:33:14,15:33:14
1778,34001,1,0,2018-05-22 15:34:15,15:34:15
1780,34001,1,0,2018-05-22 15:35:16,15:35:16
1781,34001,1,0,2018-05-22 15:36:01,15:36:01
1783,34001,1,0,2018-05-22 15:37:04,15:37:04
1785,34001,1,0,2018-05-22 15:38:10,15:38:10
1787,34001,1,0,2018-05-22 15:39:13,15:39:13
1789,34001,1,0,2018-05-22 15:40:17,15:40:17
1791,34001,1,0,2018-05-22 15:41:22,15:41:22
1793,34001,1,0,2018-05-22 15:42:23,15:42:23
1796,34001,1,0,2018-05-22 15:43:24,15:43:24
1798,34001,1,0,2018-05-22 15:44:25,15:44:25
1800,34001,1,0,2018-05-22 15:45:26,15:45:26
1802,34001,1,0,2018-05-22 15:46:27,15:46:27
1808,34001,0,1,2018-05-22 15:47:06,15:47:06
1810,34003,0,1,2018-05-22 15:48:10,15:48:10
1812,34004,0,1,2018-05-22 15:49:18,15:49:18
1814,34005,0,1,2018-05-22 15:50:26,15:50:26
1816,34007,0,1,2018-05-22 15:51:41,15:51:41
1818,34008,0,1,2018-05-22 15:52:42,15:52:42
1819,34009,0,1,2018-05-22 15:53:43,15:53:43
1820,34010,0,1,2018-05-22 15:54:05,15:54:05
1822,34011,0,1,2018-05-22 15:55:10,15:55:10
1825,34012,0,1,2018-05-22 15:56:14,15:56:14
1827,34014,0,1,2018-05-22 15:57:29,15:57:29
1829,34015,0,1,2018-05-22 15:58:33,15:58:33
1831,34016,0,1,2018-05-22 15:59:36,15:59:36
1833,34017,0,1,2018-05-22 16:00:40,16:00:40
1835,34019,0,1,2018-05-22 16:01:45,16:01:45
1837,34020,0,1,2018-05-22 16:02:49,16:02:49
1839,34021,0,1,2018-05-22 16:03:52,16:03:52
1841,34023,0,1,2018-05-22 16:04:54,16:04:54
1843,34024,0,1,2018-05-22 16:05:55,16:05:55
1845,34025,0,1,2018-05-22 16:06:56,16:06:56
1846,34025,0,1,2018-05-22 16:07:01,16:07:01
1849,34026,0,1,2018-05-22 16:08:04,16:08:04
1851,34028,0,1,2018-05-22 16:09:22,16:09:22
1853,34029,0,1,2018-05-22 16:10:26,16:10:26
1854,34030,0,1,2018-05-22 16:11:00,16:11:00
1856,34031,0,1,2018-05-22 16:12:01,16:12:01
1858,34033,0,1,2018-05-22 16:13:02,16:13:02
1860,34034,0,1,2018-05-22 16:14:03,16:14:03
1862,34035,0,1,2018-05-22 16:15:04,16:15:04
1864,34036,0,1,2018-05-22 16:16:05,16:16:05
1866,34038,0,1,2018-05-22 16:17:06,16:17:06
1868,34039,0,1,2018-05-22 16:18:07,16:18:07
1870,34040,0,1,2018-05-22 16:19:08,16:19:08
1872,34041,0,1,2018-05-22 16:20:00,16:20:00
1874,34043,0,1,2018-05-22 16:21:10,16:21:10
1876,34044,0,1,2018-05-22 16:22:11,16:22:11
1878,34045,0,1,2018-05-22 16:23:12,16:23:12
1880,34046,0,1,2018-05-22 16:24:13,16:24:13
1882,34048,0,1,2018-05-22 16:25:14,16:25:14
1884,34049,0,1,2018-05-22 16:26:15,16:26:15
1886,34050,0,1,2018-05-22 16:27:16,16:27:16
1888,34051,0,1,2018-05-22 16:28:17,16:28:17
1890,34053,0,1,2018-05-22 16:29:18,16:29:18
1892,34054,0,1,2018-05-22 16:30:19,16:30:19
1894,34055,0,1,2018-05-22 16:31:10,16:31:10
1897,34056,0,1,2018-05-22 16:32:21,16:32:21
1898,34058,0,1,2018-05-22 16:33:11,16:33:11
1900,34059,0,1,2018-05-22 16:34:14,16:34:14
1902,34060,0,1,2018-05-22 16:35:17,16:35:17
1904,34062,0,1,2018-05-22 16:36:23,16:36:23
1906,34063,0,1,2018-05-22 16:37:26,16:37:26
1908,34064,0,1,2018-05-22 16:38:27,16:38:27
1910,34065,0,1,2018-05-22 16:39:28,16:39:28
1912,34067,0,1,2018-05-22 16:40:29,16:40:29
1914,34068,0,1,2018-05-22 16:41:30,16:41:30
1916,34069,0,1,2018-05-22 16:42:31,16:42:31
1918,34071,0,1,2018-05-22 16:43:05,16:43:05
1921,34072,0,1,2018-05-22 16:44:33,16:44:33
1922,34073,0,1,2018-05-22 16:45:06,16:45:06
1924,34074,0,1,2018-05-22 16:46:09,16:46:09
1926,34075,0,1,2018-05-22 16:47:13,16:47:13
1928,34077,0,1,2018-05-22 16:48:17,16:48:17
1930,34078,0,1,2018-05-22 16:49:29,16:49:29
1932,34079,0,1,2018-05-22 16:50:34,16:50:34
1934,34081,0,1,2018-05-22 16:51:38,16:51:38
1936,34082,0,1,2018-05-22 16:52:41,16:52:41
1938,34083,0,1,2018-05-22 16:53:42,16:53:42
1940,34085,0,1,2018-05-22 16:54:43,16:54:43
1942,34087,0,1,2018-05-22 16:55:12,16:55:12
1945,34088,0,1,2018-05-22 16:56:45,16:56:45
1946,34089,0,1,2018-05-22 16:57:13,16:57:13
1948,34091,0,1,2018-05-22 16:58:17,16:58:17
1950,34092,0,1,2018-05-22 16:59:22,16:59:22
1952,34094,0,1,2018-05-22 17:00:25,17:00:25
1954,34096,0,1,2018-05-22 17:01:29,17:01:29
1956,34098,0,1,2018-05-22 17:02:33,17:02:33
1958,34099,0,1,2018-05-22 17:03:36,17:03:36
1960,34101,0,1,2018-05-22 17:04:41,17:04:41
1962,34103,0,1,2018-05-22 17:05:45,17:05:45
1964,34105,0,1,2018-05-22 17:06:50,17:06:50
1966,34107,0,1,2018-05-22 17:07:10,17:07:10
1969,34109,0,1,2018-05-22 17:08:56,17:08:56
1970,34109,0,1,2018-05-22 17:09:10,17:09:10
1972,34111,0,1,2018-05-22 17:10:14,17:10:14
1974,34113,0,1,2018-05-22 17:11:17,17:11:17
1976,34115,0,1,2018-05-22 17:12:23,17:12:23
1977,34116,0,1,2018-05-22 17:13:00,17:13:00
1979,34117,0,1,2018-05-22 17:14:01,17:14:01
1981,34119,0,1,2018-05-22 17:15:02,17:15:02
1983,34121,0,1,2018-05-22 17:16:03,17:16:03
1985,34123,0,1,2018-05-22 17:17:04,17:17:04
1987,34125,0,1,2018-05-22 17:18:05,17:18:05
1989,34127,0,1,2018-05-22 17:19:06,17:19:06
1992,34129,0,1,2018-05-22 17:20:07,17:20:07
1993,34130,0,1,2018-05-22 17:21:08,17:21:08
1995,34132,0,1,2018-05-22 17:22:09,17:22:09
1997,34134,0,1,2018-05-22 17:23:10,17:23:10
1999,34136,0,1,2018-05-22 17:24:11,17:24:11
2001,34138,0,1,2018-05-22 17:25:12,17:25:12
2003,34140,0,1,2018-05-22 17:26:13,17:26:13
2005,34142,0,1,2018-05-22 17:27:14,17:27:14
2007,34144,0,1,2018-05-22 17:28:15,17:28:15
2009,34146,0,1,2018-05-22 17:29:16,17:29:16
2011,34148,0,1,2018-05-22 17:30:17,17:30:17
2013,34149,0,1,2018-05-22 17:31:18,17:31:18
2015,34151,0,1,2018-05-22 17:32:02,17:32:02
2017,34153,0,1,2018-05-22 17:33:18,17:33:18
2019,34155,0,1,2018-05-22 17:34:21,17:34:21
2021,34157,0,1,2018-05-22 17:35:22,17:35:22
2023,34159,0,1,2018-05-22 17:36:23,17:36:23
2025,34161,0,1,2018-05-22 17:37:24,17:37:24
2027,34163,0,1,2018-05-22 17:38:25,17:38:25
2029,34164,0,1,2018-05-22 17:39:26,17:39:26
2031,34166,0,1,2018-05-22 17:40:27,17:40:27
2033,34167,0,1,2018-05-22 17:41:28,17:41:28
2035,34168,0,1,2018-05-22 17:42:29,17:42:29
2037,34169,0,1,2018-05-22 17:43:13,17:43:13
2040,34170,0,1,2018-05-22 17:44:31,17:44:31
2041,34171,0,1,2018-05-22 17:45:13,17:45:13
2043,34172,0,1,2018-05-22 17:46:17,17:46:17
2045,34172,0,1,2018-05-22 17:47:21,17:47:21
2047,34173,0,1,2018-05-22 17:48:25,17:48:25
2049,34174,0,1,2018-05-22 17:49:28,17:49:28
2051,34174,0,1,2018-05-22 17:50:32,17:50:32
2053,34174,0,1,2018-05-22 17:51:37,17:51:37
2055,34175,0,1,2018-05-22 17:52:39,17:52:39
2057,34175,0,1,2018-05-22 17:53:40,17:53:40
2059,34175,0,1,2018-05-22 17:54:41,17:54:41
2061,34175,0,1,2018-05-22 17:55:08,17:55:08
2064,34176,0,1,2018-05-22 17:56:43,17:56:43
2065,34176,0,1,2018-05-22 17:57:08,17:57:08
2067,34176,0,1,2018-05-22 17:58:12,17:58:12
2069,34176,0,1,2018-05-22 17:59:15,17:59:15
2071,34176,0,1,2018-05-22 18:00:18,18:00:18
2073,34177,0,1,2018-05-22 18:01:22,18:01:22
2075,34177,0,1,2018-05-22 18:02:25,18:02:25
2077,34179,0,1,2018-05-22 18:03:33,18:03:33
2079,34180,0,1,2018-05-22 18:04:38,18:04:38
2081,34181,0,1,2018-05-22 18:05:42,18:05:42
2083,34183,0,1,2018-05-22 18:06:46,18:06:46
2085,34184,0,1,2018-05-22 18:07:06,18:07:06
2088,34186,0,1,2018-05-22 18:08:55,18:08:55
2089,34186,0,1,2018-05-22 18:09:07,18:09:07
2091,34188,0,1,2018-05-22 18:10:12,18:10:12
2093,34190,0,1,2018-05-22 18:11:15,18:11:15
2095,34193,0,1,2018-05-22 18:12:59,18:12:59
2096,34194,0,1,2018-05-22 18:13:57,18:13:57
2097,34194,0,1,2018-05-22 18:14:00,18:14:00
2098,34196,0,1,2018-05-22 18:15:00,18:15:00
2100,34198,0,1,2018-05-22 18:16:02,18:16:02
2102,34200,0,1,2018-05-22 18:17:03,18:17:03
2104,34201,0,1,2018-05-22 18:18:04,18:18:04
2106,34203,0,1,2018-05-22 18:19:05,18:19:05
2109,34205,0,1,2018-05-22 18:20:06,18:20:06
2111,34206,0,1,2018-05-22 18:21:07,18:21:07
2113,34207,0,1,2018-05-22 18:22:08,18:22:08
2115,34209,0,1,2018-05-22 18:23:09,18:23:09
2117,34210,0,1,2018-05-22 18:24:10,18:24:10
2119,34211,0,1,2018-05-22 18:25:11,18:25:11
2121,34211,0,1,2018-05-22 18:26:12,18:26:12
2123,34212,0,1,2018-05-22 18:27:13,18:27:13
2125,34212,0,1,2018-05-22 18:28:14,18:28:14
2126,34212,0,1,2018-05-22 18:29:03,18:29:03
2128,34212,0,1,2018-05-22 18:30:07,18:30:07
2130,34212,0,1,2018-05-22 18:31:10,18:31:10
2133,34212,0,1,2018-05-22 18:32:14,18:32:14
2135,34212,0,1,2018-05-22 18:33:19,18:33:19
2137,34212,0,1,2018-05-22 18:34:38,18:34:38
2138,34212,0,1,2018-05-22 18:35:42,18:35:42
2139,34212,0,1,2018-05-22 18:36:46,18:36:46
2140,34212,0,1,2018-05-22 18:37:23,18:37:23
2142,34212,0,1,2018-05-22 18:38:24,18:38:24
2144,34212,0,1,2018-05-22 18:39:25,18:39:25
2146,34212,0,1,2018-05-22 18:40:26,18:40:26
2147,34212,0,1,2018-05-22 18:41:01,18:41:01
2149,34212,0,1,2018-05-22 18:42:06,18:42:06
2151,34212,0,1,2018-05-22 18:43:11,18:43:11
2154,34212,0,1,2018-05-22 18:44:15,18:44:15
2156,34212,0,1,2018-05-22 18:45:31,18:45:31
2158,34212,0,1,2018-05-22 18:46:32,18:46:32
2160,34212,0,1,2018-05-22 18:47:33,18:47:33
2162,34212,0,1,2018-05-22 18:48:34,18:48:34
2164,34212,0,1,2018-05-22 18:49:35,18:49:35
2166,34212,0,1,2018-05-22 18:50:36,18:50:36
2168,34212,0,1,2018-05-22 18:51:37,18:51:37
2170,34212,0,1,2018-05-22 18:52:38,18:52:38
2171,34212,0,1,2018-05-22 18:53:00,18:53:00
2173,34212,0,1,2018-05-22 18:54:04,18:54:04
2175,34212,0,1,2018-05-22 18:55:08,18:55:08
2178,34212,0,1,2018-05-22 18:56:12,18:56:12
2180,34212,0,1,2018-05-22 18:57:28,18:57:28
2182,34212,0,1,2018-05-22 18:58:31,18:58:31
2184,34212,0,1,2018-05-22 18:59:36,18:59:36
2186,34212,0,1,2018-05-22 19:00:41,19:00:41
2188,34212,0,1,2018-05-22 19:01:44,19:01:44
2190,34212,0,1,2018-05-22 19:02:48,19:02:48
2192,34212,0,1,2018-05-22 19:03:49,19:03:49
2194,34212,0,1,2018-05-22 19:04:50,19:04:50
2196,34212,0,1,2018-05-22 19:05:51,19:05:51
2198,34212,0,1,2018-05-22 19:06:52,19:06:52
2199,34212,0,1,2018-05-22 19:07:04,19:07:04
2202,34212,0,1,2018-05-22 19:08:09,19:08:09
2204,34212,0,1,2018-05-22 19:09:24,19:09:24
2206,34212,0,1,2018-05-22 19:10:28,19:10:28
2208,34212,0,1,2018-05-22 19:11:32,19:11:32
2210,34212,0,1,2018-05-22 19:12:35,19:12:35
2212,34212,0,1,2018-05-22 19:13:39,19:13:39
2214,34212,0,1,2018-05-22 19:14:44,19:14:44
2215,34212,0,1,2018-05-22 19:15:00,19:15:00
2217,34212,0,1,2018-05-22 19:16:01,19:16:01
2219,34212,0,1,2018-05-22 19:17:02,19:17:02
2221,34212,0,1,2018-05-22 19:18:03,19:18:03
2222,34212,0,1,2018-05-22 19:19:02,19:19:02
2225,34212,0,1,2018-05-22 19:20:05,19:20:05
2227,34212,0,1,2018-05-22 19:21:06,19:21:06
2229,34212,0,1,2018-05-22 19:22:07,19:22:07
2231,34212,0,1,2018-05-22 19:23:08,19:23:08
2233,34212,0,1,2018-05-22 19:24:09,19:24:09
2235,34212,0,1,2018-05-22 19:25:10,19:25:10
2237,34212,0,1,2018-05-22 19:26:11,19:26:11
2239,34212,0,1,2018-05-22 19:27:12,19:27:12
2241,34212,0,1,2018-05-22 19:28:13,19:28:13
2243,34212,0,1,2018-05-22 19:29:14,19:29:14
2245,34212,0,1,2018-05-22 19:30:15,19:30:15
2247,34212,0,1,2018-05-22 19:31:16,19:31:16
2249,34212,0,1,2018-05-22 19:32:03,19:32:03
2251,34212,0,1,2018-05-22 19:33:18,19:33:18
2253,34212,0,1,2018-05-22 19:34:19,19:34:19
2255,34212,0,1,2018-05-22 19:35:20,19:35:20
2257,34212,0,1,2018-05-22 19:36:21,19:36:21
2259,34212,0,1,2018-05-22 19:37:22,19:37:22
2261,34212,0,1,2018-05-22 19:38:23,19:38:23
2263,34212,0,1,2018-05-22 19:39:24,19:39:24
2265,34213,0,1,2018-05-22 19:40:25,19:40:25
2267,34213,0,1,2018-05-22 19:41:26,19:41:26
2268,34213,0,1,2018-05-22 19:42:04,19:42:04
2270,34213,0,1,2018-05-22 19:43:08,19:43:08
2273,34213,0,1,2018-05-22 19:44:13,19:44:13
2275,34213,0,1,2018-05-22 19:45:30,19:45:30
2277,34213,0,1,2018-05-22 19:46:31,19:46:31
2279,34213,0,1,2018-05-22 19:47:32,19:47:32
2281,34213,0,1,2018-05-22 19:48:33,19:48:33
2282,34213,0,1,2018-05-22 19:49:00,19:49:00
2284,34214,0,1,2018-05-22 19:50:05,19:50:05
2286,34215,0,1,2018-05-22 19:51:10,19:51:10
2288,34217,0,1,2018-05-22 19:52:14,19:52:14
2290,34218,0,1,2018-05-22 19:53:18,19:53:18
2292,34219,0,1,2018-05-22 19:54:22,19:54:22
2294,34221,0,1,2018-05-22 19:55:26,19:55:26
2297,34222,0,1,2018-05-22 19:56:31,19:56:31
2299,34224,0,1,2018-05-22 19:57:42,19:57:42
2301,34225,0,1,2018-05-22 19:58:43,19:58:43
2303,34227,0,1,2018-05-22 19:59:44,19:59:44
2305,34228,0,1,2018-05-22 20:00:45,20:00:45
2306,34229,0,1,2018-05-22 20:01:02,20:01:02
2308,34231,0,1,2018-05-22 20:02:06,20:02:06
2310,34232,0,1,2018-05-22 20:03:10,20:03:10
2312,34234,0,1,2018-05-22 20:04:14,20:04:14
2314,34236,0,1,2018-05-22 20:05:17,20:05:17
2316,34238,0,1,2018-05-22 20:06:22,20:06:22
2318,34240,0,1,2018-05-22 20:07:26,20:07:26
2321,34241,0,1,2018-05-22 20:08:32,20:08:32
2323,34243,0,1,2018-05-22 20:09:48,20:09:48
2325,34244,0,1,2018-05-22 20:10:54,20:10:54
2327,34245,0,1,2018-05-22 20:11:56,20:11:56
2329,34246,0,1,2018-05-22 20:12:57,20:12:57
2330,34247,0,1,2018-05-22 20:13:01,20:13:01
2332,34248,0,1,2018-05-22 20:14:06,20:14:06
2334,34249,0,1,2018-05-22 20:15:12,20:15:12
2335,34250,0,1,2018-05-22 20:16:00,20:16:00
2337,34251,0,1,2018-05-22 20:17:01,20:17:01
2339,34253,0,1,2018-05-22 20:18:02,20:18:02
2341,34255,0,1,2018-05-22 20:19:03,20:19:03
2344,34257,0,1,2018-05-22 20:20:04,20:20:04
2346,34259,0,1,2018-05-22 20:21:05,20:21:05
2348,34261,0,1,2018-05-22 20:22:06,20:22:06
2350,34263,0,1,2018-05-22 20:23:07,20:23:07
2352,34265,0,1,2018-05-22 20:24:08,20:24:08
2353,34267,0,1,2018-05-22 20:25:04,20:25:04
2355,34269,0,1,2018-05-22 20:26:10,20:26:10
2357,34272,0,1,2018-05-22 20:27:11,20:27:11
2359,34274,0,1,2018-05-22 20:28:12,20:28:12
2361,34276,0,1,2018-05-22 20:29:13,20:29:13
2363,34279,0,1,2018-05-22 20:30:14,20:30:14
2365,34281,0,1,2018-05-22 20:31:15,20:31:15
2367,34283,0,1,2018-05-22 20:32:00,20:32:00
2370,34286,0,1,2018-05-22 20:33:17,20:33:17
2371,34288,0,1,2018-05-22 20:34:04,20:34:04
2373,34291,0,1,2018-05-22 20:35:08,20:35:08
2375,34293,0,1,2018-05-22 20:36:13,20:36:13
2377,34296,0,1,2018-05-22 20:37:18,20:37:18
2378,34298,0,1,2018-05-22 20:38:21,20:38:21
2379,34301,0,1,2018-05-22 20:39:25,20:39:25
2380,34303,0,1,2018-05-22 20:40:24,20:40:24
2382,34306,0,1,2018-05-22 20:41:25,20:41:25
2384,34308,0,1,2018-05-22 20:42:26,20:42:26
2386,34311,0,1,2018-05-22 20:43:27,20:43:27
2388,34313,0,1,2018-05-22 20:44:06,20:44:06
2391,34316,0,1,2018-05-22 20:45:29,20:45:29
2392,34317,0,1,2018-05-22 20:46:08,20:46:08
2394,34320,0,1,2018-05-22 20:47:13,20:47:13
2396,34322,0,1,2018-05-22 20:48:16,20:48:16
2398,34325,0,1,2018-05-22 20:49:20,20:49:20
2400,34328,0,1,2018-05-22 20:50:26,20:50:26
2402,34330,0,1,2018-05-22 20:51:29,20:51:29
2404,34333,0,1,2018-05-22 20:52:33,20:52:33
2406,34335,0,1,2018-05-22 20:53:37,20:53:37
2408,34338,0,1,2018-05-22 20:54:38,20:54:38
2410,34340,0,1,2018-05-22 20:55:39,20:55:39
2412,34343,0,1,2018-05-22 20:56:05,20:56:05
2415,34345,0,1,2018-05-22 20:57:41,20:57:41
2416,34346,0,1,2018-05-22 20:58:05,20:58:05
2418,34349,0,1,2018-05-22 20:59:09,20:59:09
2420,34352,0,1,2018-05-22 21:00:13,21:00:13
2422,34354,0,1,2018-05-22 21:01:17,21:01:17
2424,34357,0,1,2018-05-22 21:02:21,21:02:21
2426,34359,0,1,2018-05-22 21:03:24,21:03:24
2428,34362,0,1,2018-05-22 21:04:28,21:04:28
2430,34365,0,1,2018-05-22 21:05:33,21:05:33
2432,34367,0,1,2018-05-22 21:06:37,21:06:37
2434,34370,0,1,2018-05-22 21:07:41,21:07:41
2436,34373,0,1,2018-05-22 21:08:00,21:08:00
2439,34375,0,1,2018-05-22 21:09:53,21:09:53
2440,34376,0,1,2018-05-22 21:10:01,21:10:01
2442,34378,0,1,2018-05-22 21:11:05,21:11:05
2444,34381,0,1,2018-05-22 21:12:11,21:12:11
2446,34384,0,1,2018-05-22 21:13:15,21:13:15
2448,34386,0,1,2018-05-22 21:14:18,21:14:18
2450,34389,0,1,2018-05-22 21:15:23,21:15:23
2452,34392,0,1,2018-05-22 21:16:27,21:16:27
2453,34393,0,1,2018-05-22 21:17:00,21:17:00
2455,34395,0,1,2018-05-22 21:18:01,21:18:01
2457,34398,0,1,2018-05-22 21:19:02,21:19:02
2459,34401,1,0,2018-05-22 21:20:00,21:20:00
2464,34401,1,0,2018-05-22 21:21:14,21:21:14
2465,34401,1,0,2018-05-22 21:22:01,21:22:01
2467,34401,1,0,2018-05-22 21:23:05,21:23:05
2469,34401,1,0,2018-05-22 21:24:09,21:24:09
2471,34401,1,0,2018-05-22 21:25:14,21:25:14
2473,34401,1,0,2018-05-22 21:26:18,21:26:18
2475,34401,1,0,2018-05-22 21:27:20,21:27:20
2477,34401,1,0,2018-05-22 21:28:21,21:28:21
2479,34401,1,0,2018-05-22 21:29:22,21:29:22
2481,34401,1,0,2018-05-22 21:30:23,21:30:23
2483,34401,1,0,2018-05-22 21:31:24,21:31:24
2485,34401,1,0,2018-05-22 21:32:00,21:32:00
2488,34401,1,0,2018-05-22 21:33:26,21:33:26
2489,34401,1,0,2018-05-22 21:34:00,21:34:00
2491,34401,1,0,2018-05-22 21:35:04,21:35:04
2493,34401,1,0,2018-05-22 21:36:09,21:36:09
2495,34401,1,0,2018-05-22 21:37:12,21:37:12
2497,34401,1,0,2018-05-22 21:38:17,21:38:17
2499,34401,1,0,2018-05-22 21:39:21,21:39:21
2501,34401,1,0,2018-05-22 21:40:25,21:40:25
2503,34401,1,0,2018-05-22 21:41:29,21:41:29
2505,34401,1,0,2018-05-22 21:42:33,21:42:33
2507,34401,1,0,2018-05-22 21:43:36,21:43:36
2510,34401,1,0,2018-05-22 21:44:37,21:44:37
2512,34401,1,0,2018-05-22 21:45:38,21:45:38
2514,34401,1,0,2018-05-22 21:46:39,21:46:39
2515,34401,1,0,2018-05-22 21:47:01,21:47:01
2517,34401,1,0,2018-05-22 21:48:09,21:48:09
2519,34401,1,0,2018-05-22 21:49:17,21:49:17
2521,34401,1,0,2018-05-22 21:50:21,21:50:21
2523,34401,1,0,2018-05-22 21:51:26,21:51:26
2525,34401,1,0,2018-05-22 21:52:29,21:52:29
2527,34401,1,0,2018-05-22 21:53:33,21:53:33
2529,34401,1,0,2018-05-22 21:54:37,21:54:37
2531,34401,1,0,2018-05-22 21:55:41,21:55:41
2534,34401,1,0,2018-05-22 21:56:44,21:56:44
2536,34401,1,0,2018-05-22 21:57:50,21:57:50
2537,34401,1,0,2018-05-22 21:58:01,21:58:01
2539,34401,1,0,2018-05-22 21:59:06,21:59:06
2541,34401,1,0,2018-05-22 22:00:09,22:00:09
2543,34401,1,0,2018-05-22 22:01:13,22:01:13
2545,34401,1,0,2018-05-22 22:02:17,22:02:17
2547,34401,1,0,2018-05-22 22:03:31,22:03:31
2549,34401,1,0,2018-05-22 22:04:35,22:04:35
2551,34401,1,0,2018-05-22 22:05:39,22:05:39
2553,34401,1,0,2018-05-22 22:06:43,22:06:43
2555,34401,1,0,2018-05-22 22:07:48,22:07:48
2556,34401,1,0,2018-05-22 22:08:00,22:08:00
2559,34401,1,0,2018-05-22 22:09:01,22:09:01
2560,34401,1,0,2018-05-22 22:10:02,22:10:02
2562,34401,1,0,2018-05-22 22:11:03,22:11:03
2564,34401,1,0,2018-05-22 22:12:04,22:12:04
2566,34401,1,0,2018-05-22 22:13:05,22:13:05
2568,34401,1,0,2018-05-22 22:14:06,22:14:06
2570,34401,1,0,2018-05-22 22:15:07,22:15:07
2572,34401,1,0,2018-05-22 22:16:08,22:16:08
2574,34401,1,0,2018-05-22 22:17:09,22:17:09
2576,34401,1,0,2018-05-22 22:18:10,22:18:10
2578,34401,1,0,2018-05-22 22:19:11,22:19:11
2580,34401,1,0,2018-05-22 22:20:08,22:20:08
2583,34401,1,0,2018-05-22 22:21:13,22:21:13
2584,34401,1,0,2018-05-22 22:22:09,22:22:09
2586,34401,1,0,2018-05-22 22:23:13,22:23:13
2588,34401,1,0,2018-05-22 22:24:16,22:24:16
2590,34401,1,0,2018-05-22 22:25:17,22:25:17
2592,34401,1,0,2018-05-22 22:26:18,22:26:18
2594,34401,1,0,2018-05-22 22:27:19,22:27:19
2596,34401,1,0,2018-05-22 22:28:20,22:28:20
2598,34401,1,0,2018-05-22 22:29:21,22:29:21
2600,34401,1,0,2018-05-22 22:30:22,22:30:22
2602,34401,1,0,2018-05-22 22:31:23,22:31:23
2604,34401,1,0,2018-05-22 22:32:30,22:32:30
2606,34401,1,0,2018-05-22 22:35:27,22:35:27
2607,34401,1,0,2018-05-22 22:36:04,22:36:04
2608,34401,1,0,2018-05-22 22:37:14,22:37:14
2609,34401,1,0,2018-05-22 22:38:18,22:38:18
2610,34401,1,0,2018-05-22 22:39:23,22:39:23
2612,34401,1,0,2018-05-22 22:40:27,22:40:27
2614,34401,1,0,2018-05-22 22:41:30,22:41:30
2616,34401,1,0,2018-05-22 22:42:34,22:42:34
2618,34401,1,0,2018-05-22 22:43:35,22:43:35
2620,34401,1,0,2018-05-22 22:44:36,22:44:36
2622,34401,1,0,2018-05-22 22:45:02,22:45:02
2625,34401,1,0,2018-05-22 22:46:38,22:46:38
2626,34401,1,0,2018-05-22 22:47:03,22:47:03
2628,34401,1,0,2018-05-22 22:48:07,22:48:07
2630,34401,1,0,2018-05-22 22:49:10,22:49:10
2632,34401,1,0,2018-05-22 22:50:14,22:50:14
2634,34401,1,0,2018-05-22 22:51:19,22:51:19
2636,34401,1,0,2018-05-22 22:52:23,22:52:23
2638,34401,1,0,2018-05-22 22:53:27,22:53:27
2640,34401,1,0,2018-05-22 22:54:31,22:54:31
2642,34401,1,0,2018-05-22 22:55:36,22:55:36
2644,34401,1,0,2018-05-22 22:56:42,22:56:42
2646,34401,1,0,2018-05-22 22:57:02,22:57:02
2649,34401,1,0,2018-05-22 22:58:50,22:58:50
2650,34401,1,0,2018-05-22 22:59:03,22:59:03
2652,34401,1,0,2018-05-22 23:00:07,23:00:07
2654,34401,1,0,2018-05-22 23:01:11,23:01:11
2656,34401,1,0,2018-05-22 23:02:16,23:02:16
2658,34401,1,0,2018-05-22 23:03:20,23:03:20
2660,34401,1,0,2018-05-22 23:04:23,23:04:23
2662,34401,1,0,2018-05-22 23:05:27,23:05:27
2664,34401,1,0,2018-05-22 23:06:31,23:06:31
2666,34401,1,0,2018-05-22 23:07:36,23:07:36
2668,34401,1,0,2018-05-22 23:08:41,23:08:41
2670,34401,1,0,2018-05-22 23:09:01,23:09:01
2672,34401,1,0,2018-05-22 23:10:00,23:10:00
2673,34401,1,0,2018-05-22 23:11:01,23:11:01
2675,34401,1,0,2018-05-22 23:12:02,23:12:02
2677,34401,1,0,2018-05-22 23:13:03,23:13:03
2679,34401,1,0,2018-05-22 23:14:04,23:14:04
2681,34401,1,0,2018-05-22 23:15:05,23:15:05
2683,34401,1,0,2018-05-22 23:16:06,23:16:06
